﻿{"logo":"https://codeberg.org/dlm104373422/xgwdlm/raw/branch/main/11.gif",
    "spider": "./jar/spider.jar",
    "sites": [
    
        

            {"key":"豆瓣",      
            "name": "୧⍤⃝🐯接口免费拒绝收费",
            "type":3,
            "api":"./json/drpy2.min.js",
          //  "jar":"./jar/dd.jar",
               "jar":"./jar/qq.jar",
            "searchable":0,"quickSearch":0,
            "filterable":0,
            "ext":"./json/douban.js"},
{
            "key": "配置中心",
            "name": "୧⍤⃝🐯配置｜中心",
            "type": 3,
            "api": "csp_Config",
            "searchable": 0,

            "changeable": 0,
            "indexs": 0,
            "style": {
                "type": "rect",
                "ratio": 1.597
            }
        },
        
        {
            "key": "应用商店",
            "name": "୧⍤⃝🐯应用商店",
            "type": 3,
            "jar": "./jar/本地更新.jar",
            "api": "csp_Market",
            "searchable": 0,
            "changeable": 0,
            "ext": "./json/market.json"
        },
        {
            "key":"本地更新",
            "name":"୧⍤⃝🐯短剧更新",
            "type":3,
            "jar": "./jar/本地更新.jar",
            "api":"csp_Market",
            "searchable":0,
            "indexs":0, 
             "ext": "https://codeberg.org/dlm104373422/xgwdlm/raw/branch/main/本地更新.txt"
             },   
             
             
{
            "key": "彼岸",
            "name": "୧⍤⃝🐯彼岸|4k",
            "type": 3,
            "quickSearch": 1,
            "api": "csp_AppGet",
            "ext": {
                "url": "https://mfsp33.top",
                "dataKey": "1234567887654321",
                "dataIv": "1234567887654321",
                "deviceId": "298e5fe29c74b35aabb9836ee2f6f449f",
                "version": "315"
            }
        },
             
             
             
             {
            "key": "溜溜",
            "name": "୧⍤⃝🐯溜溜|4k",
            "type": 3,
            "quickSearch": 1,
            "api": "csp_AppGet",
            "ext": {
                "url": "https://appcms.ll4k.xyz",
                "dataKey": "NiDGaKiVnkO3QX1Q",
                "dataIv": "NiDGaKiVnkO3QX1Q",
                "deviceId": "2fbaf48ee97783260bc907e3ab0bd40c3",
                "version": "200"
            }
        },        
             
    {
      "key": "爪子14K",
      "name": "୧⍤⃝🐯瓜子|4K",
      "type": 3,
			"api": "./json/drpy2.min.js",
			"searchable": 1,
			"quickSearch": 1,
			"filterable": 1,
			"order_num": 0,
			"ext": "./json/guazi.js"    },
             
             
             
         	
{
            "key": "零度",
            "name": " ୧⍤⃝🐯零度|4K ",
            "type": 3,
            "api": "./json/零度.py",
            "searchable": 1,
            "quickSearch": 1,
            "filterable": 1

        },      
{"key": "晓晓","name": "୧⍤⃝🐯晓晓|4K","type": 3,"api": "csp_AppGet","jar":"./jar/spider.jar","ext": {"url": "https://ys.ewo.asia","dataKey": "Z0qTnwyLAJCtuIkI","dataIv": "Z0qTnwyLAJCtuIkI","deviceId": "","version": ""}}, {
      "key": "csp_appys_臻彩",
      "name": "୧⍤⃝🐯臻彩世界|4K",
      "type": 3,
      "api": "csp_AppYsV2",
      "searchable": 1,
      "quickSearch": 1,
      "filterable": 1,
      "ext": "http://cmszcsj.lfytv.cn/api.php/app/"
    },

    {
      "key": "臻彩天堂",
      "name": "୧⍤⃝🐯臻彩天堂|2k",
      "type": 3,
      "api": "csp_AppYsV2",
      "searchable": 1,
      "quickSearch": 1,
      "filterable": 1,
      "ext": "http://cmstt.lfytv.cn/api.php/app/"
    },    
        {
        "key":"NoSearchBBB",
        "name":"୧⍤⃝🐯不一样的B站",
        "type":3,
        "api":"csp_Bili",
        "searchable":1,
        "jar":"./jar/xyqxbpq.jar",
        "quickSearch":0,
        "filterable":1,
        "ext":"./json/bibi.json"
        },		
        {
            "key": "网络直播",
            "name": "୧⍤⃝🐯网络｜直播",
            "type": 3,
            "api": "./json/网络直播.py"
        },
{
            "key": "星芽短剧",
            "name": " ୧⍤⃝🐯星芽短剧 ",
            "type": 3,
            "api": "./json/drpy2.min.js",
            "searchable": 1,
            "quickSearch": 1,
            "jar":"./jar/spider.jar",

            "filterable": 1,
            "ext": "./json/星芽短剧.js"
        }, 
            {
            "key": "蓝莓短剧",
            "name": " ୧⍤⃝🐯蓝莓短剧 ",
            "type": 3,
            "api": "./json/蓝莓短剧.py",
            "searchable": 1,
            "quickSearch": 1,
            "filterable": 1

        },      
         
         {
            "key": "短剧狗短剧",
            "name": "୧⍤⃝🐯短剧狗短剧",
            "type": 3,
            "api": "./json/短剧狗.py",
            "searchable": 1,
            "changeable": 1,
            "quickSearch": 1,
            "filterable": 1,
            "playerType": 2
        },       
         {
            "key": "河马短剧",
            "name": "୧⍤⃝🐯河马短剧",
            "type": 3,
            "api": "./json/河马短剧.py",
            "searchable": 1,
            "changeable": 1,
            "quickSearch": 1,
            "filterable": 1,
            "playerType": 2
        },  
        {
            "key": "py_爱看短剧",
            "name": "୧⍤⃝🐯爱看短剧",
            "type": 3,
            "api": "./json/爱看短剧.py",
            "searchable": 1,
            "quickSearch": 0,
            "filterable": 0
        },

        
        {
            "key": "红果短剧",
            "name": " ୧⍤⃝🐯红果短剧 ",
            "type": 3,
            "api": "./json/红果.py",
            "searchable": 1,
            "quickSearch": 1,
            "filterable": 1

        },
        {
            "key": " 电影100影院 ",
            "name": " ୧⍤⃝🐯电影100短剧 ",
            "type": 3,
            "api": "csp_XBPQ",
            "searchable": 1,
            "quickSearch": 1,
            "filterable": 1,
            "ext": "./json/电影100短剧.json"
        },
        
{
            "key": "短剧",
            "name": "୧⍤⃝🐯采集短剧",
            "type": 1,
            "api": "https://wwzy.tv/api.php/provide/vod/",
            "playUrl": "",
            "playerType": 1,
            "searchable": 1,
            "changeable": 1,
            "quickSearch": 1
        },	    

        
        {
            "key": " 唐人街影院 ",
            "name": " ୧⍤⃝🐯唐人街短剧 ",
            "type": 3,
            "api": "csp_XBPQ",
            "searchable": 1,
            "quickSearch": 1,
            "filterable": 1,
            "ext": "./json/唐人街短剧.json"
        },
        {
            "key": " 天龙影院 ",
            "name": " ୧⍤⃝🐯天龙短剧 ",
            "type": 3,
            "api": "csp_XBPQ",
            "searchable": 1,
            "quickSearch": 1,
            "filterable": 1,
            "ext": "./json/天龙短剧.json"
        },

        {
            "key": " 追剧网 ",
            "name": " ୧⍤⃝🐯追剧短剧 ",
            "type": 3,
            "api": "csp_XBPQ",
            "searchable": 1,
            "quickSearch": 1,
            "filterable": 1,
            "ext": "./json/追剧短剧.json"
        },
        {
            "key": " 一起看 ",
            "name": " ୧⍤⃝🐯一起看短剧 ",
            "type": 3,
            "api": "csp_XBPQ",
            "searchable": 1,
            "quickSearch": 1,
            "filterable": 1,
            "ext": "./json/一起看短剧.json"
        },
        

        
        {
            "key": " CCTV短剧 ",
            "name": " ୧⍤⃝🐯CCTV短剧 ",
            "type": 3,
            "api": "csp_XBPQ",
            "searchable": 1,
            "quickSearch": 1,
            "filterable": 1,
            "ext": "./json/cctv短剧.json"
        },
        {
            "key": " 七味短剧 ",
            "name": " ୧⍤⃝🐯七味短剧 ",
            "type": 3,
            "api": "csp_XBPQ",
            "searchable": 1,
            "quickSearch": 1,
            "filterable": 1,
            "ext": "./json/七味短剧.json"
        },

        

        {
            "key": " 纽约短剧 ",
            "name": " ୧⍤⃝🐯纽约短剧 ",
            "type": 3,
            "api": "csp_XBPQ",
            "searchable": 1,
            "quickSearch": 1,
            "filterable": 1,
            "ext": "./json/纽约短剧.json"
        },
        {
            "key": " 量子影视 ",
            "name": " ୧⍤⃝🐯量子短剧 ",
            "type": 3,
            "api": "csp_XBPQ",
            "searchable": 1,
            "quickSearch": 1,
            "filterable": 1,
            "ext": "./json/量子短剧.json"
        },

        
        {
            "key": "护航短剧",
            "name": " ୧⍤⃝🐯护航短剧 ",
            "type": 3,
            "api": "csp_XBPQ",
            "ext": {
                "请求头": "User-Agent$MOBILE_UA",
                "编码": "UTF-8",
                "主页url": "https://www.qdhuhang.com/qdhyl/48.html",
                "数组": "part-2by3\"&&/a><span",
                "标题": "html\">&&<",
                "副标题": " +center\">&&<",
                "图片": "data-original=\"&&\"",
                "链接": "href=\"&&\"",
                "线路数组": "ico_play.png&&/span>",
                "线路标题": " ✨୧⍤⃝🐯✨+>&&<",
                "播放数组": "clearfix list&&</ul>",
                "播放列表": "<a&&a>",
                "播放链接": "href=\"&&\"",
                "播放标题": " +>&&</",
                "跳转播放链接": "var now=\"&&\"",
                "简介": " 当当为您介绍剧情 +讲述了:&&\">[替换:style type=\"text/css>>空]",
                "分类url": "https://www.qdhuhang.com/qdhyl/{cateId}-{catePg}.html",
                "分类": "女频剧$49#反转剧$50#穿越剧$51#古装剧$52#都市剧$53#脑洞剧$54#爽文剧$55"
            }
        },
        {
            "key": " 稀饭短剧 ",
            "name": " ୧⍤⃝🐯稀饭短剧 ",
            "type": 3,
            "api": "csp_XBPQ",
            "searchable": 1,
            "quickSearch": 1,
            "filterable": 1,
            "ext": "./json/稀饭短剧.json"
        },

        {
            "key": " 安迪短剧 ",
            "name": " ୧⍤⃝🐯安迪短剧 ",
            "type": 3,
            "api": "csp_XBPQ",
            "searchable": 1,
            "quickSearch": 1,
            "filterable": 1,
            "ext": "./json/安迪短剧.json"
        },
  
        {
            "key": " PTT短剧 ",
            "name": " ୧⍤⃝🐯PTT短剧 ",
            "type": 3,
            "api": "csp_XBPQ",
            "searchable": 1,
            "quickSearch": 1,
            "filterable": 1,
            "ext": "./json/PTT短剧.json"
        },
        {
            "key": " 理理短剧 ",
            "name": " ୧⍤⃝🐯理理短剧 ",
            "type": 3,
            "api": "csp_XBPQ",
            "searchable": 1,
            "quickSearch": 1,
            "filterable": 1,
            "ext": "./json/理理短剧.json"
        },


        

        {
            "key": " 老王影院 ",
            "name": " ୧⍤⃝🐯老王短剧 ",
            "type": 3,
            "api": "csp_XBPQ",
            "searchable": 1,
            "quickSearch": 1,
            "filterable": 1,
            "ext": "./json/老王短剧.json"
        },
        {
            "key": " 胖虎影院 ",
            "name": " ୧⍤⃝🐯胖虎短剧 ",
            "type": 3,
            "api": "csp_XBPQ",
            "searchable": 1,
            "quickSearch": 1,
            "filterable": 1,
            "ext": "./json/胖虎短剧.json"
        },
        {
            "key": " 奇优影院 ",
            "name": " ୧⍤⃝🐯奇优短剧 ",
            "type": 3,
            "api": "csp_XBPQ",
            "searchable": 1,
            "quickSearch": 1,
            "filterable": 1,
            "ext": "./json/奇优短剧.json"
        },
        
        {
            "key": " 毒舌短剧 ",
            "name": " ୧⍤⃝🐯毒舌短剧 ",
            "type": 3,
            "api": "csp_XBPQ",
            "searchable": 1,
            "quickSearch": 1,
            "filterable": 1,
            "ext": "./json/毒舌短剧.json"
        },
        {
            "key": " 微云影w视 ",
            "name": " ୧⍤⃝🐯微云短剧 ",
            "type": 3,
            "api": "csp_XBPQ",
            "searchable": 1,
            "quickSearch": 1,
            "filterable": 1,
            "ext": "./json/微云短剧.json"
        },
        {
            "key": " 一个短剧w ",
            "name": " ୧⍤⃝🐯一个短剧",
            "type": 3,
            "api": "csp_XBPQ",
            "searchable": 1,
            "quickSearch": 1,
            "filterable": 1,
            "ext": "./json/一个短剧.json"
        },
        {
            "key": " 短剧大全w ",
            "name": " ୧⍤⃝🐯大全短剧",
            "type": 3,
            "api": "csp_XBPQ",
            "searchable": 1,
            "quickSearch": 1,
            "filterable": 1,
            "ext": "./json/短剧大全.json"
        },
    
    





        {
            "key": " freeOK短剧 ",
            "name": " ୧⍤⃝🐯freeOK短剧 ",
            "type": 3,
            "api": "csp_XBPQ",
            "searchable": 1,
            "quickSearch": 1,
            "filterable": 1,
            "ext": "./json/freeOK短剧.json"
        },
        
        
        {
            "key": " 短剧屋 ",
            "name": " ୧⍤⃝🐯短剧屋 ",
            "type": 3,
            "api": "csp_XBPQ",
            "searchable": 1,
            "quickSearch": 1,
            "filterable": 1,
            "ext": "./json/短剧屋.json"
        },
        
{
            "key": "push_agent",
            "name": "୧⍤⃝🐯手机｜推送",
            "type": 3,
            "jar":"./jar/spider.jar",
            "api": "csp_Push",
            "searchable": 0,
            "filterable": 0,
            "changeable": 0
        }



    ],

"parses": [
		{"name": 
"Json轮询",
"type": 2,
"url": "Sequence"}, 




  

{
            "name": "小白白",
            "type": "1",
            "url": "http://222.186.57.24:7600/jx.php?url=",
            "ext": {
                "flag": [
                    "qq",
                    "腾讯",
                    "qiyi",
                    "爱奇艺",
                    "奇艺",
                    "youku",
                    "优酷",
                    "sohu",
                    "搜狐",
                    "letv",
                    "乐视",
                    "mgtv",
                    "芒果",
                    "tnmb",
                    "seven",
                    "bilibili",
                    "1905"
                ],
                "header": {
                    "User-Agent": "okhttp/4.9.1"
                }
            }
        },

  {
      "name": "日千",
      "type": 1,
      "url": "http://8.129.30.117:8117/suisui.php?key=dioayu&url="
    },  
    
{
      "name": "夏夜4k",
      "type": 1,
      "url": "http://8.155.50.80/xiaye.php?url="
    },
    
    
 {
            "name": "-云海（忙果4k）",
            "type": 1,
            "url": "http://json.o0a.cn/api/?key=339cfc2bebf5ca413c05fbbb85200006&url="
        },
        {
            "name": "黄金4k解析",
            "type": 1,
            "url": "http://jx.hjfggzs.top/api/?key=N7nzVPhLPAyanUim8N&url="
        },
    
    
    
    

        {
            "name": "哔哩",
            "type": 1,
            "url": "http://niiuma.qi-simple.top//algorithm.php?url=",
            "ext": {
                "flag": [
                    "qq",
                    "腾讯",
                    "qiyi",
                    "爱奇艺",
                    "奇艺",
                    "youku",
                    "优酷",
                    "sohu",
                    "搜狐",
                    "letv",
                    "乐视",
                    "mgtv",
                    "芒果",
                    "tnmb",
                    "seven",
                    "bilibili",
                    "1905"
                ],
                "header": {
                    "User-Agent": "okhttp/4.9.1"
                }
            }
        },
 {
      "name": "腾迅4k影视",
      "type": 1,
      "url": "http://yunhai.qijiyun.vip/home/api?type=ys&uid=43652&key=dfijmqtvxyCDLRTV01&url=",
      "ext": {
        "flag": [
          "qq",
          "腾讯",
          "qiyi",
          "爱奇艺",
          "奇艺",
          "youku",
          "优酷",
          "tucheng",
          "sohu",
          "搜狐",
          "letv",
          "乐视",
          "mgtv",
          "芒果",
          "tnmb",
          "seven",
          "yzm",
          "aliyun",
          "RJuMao",
          "bilibili",
          "1905",
          "xinvip",
          "XAL",
          "qiqi",
          "XALS",
          "YuMi-vip"
        ]
      }
    },





    {
      "name": "芒果4k影视",
      "type": 1,
      "url": "http://110.42.99.99:3722/lg.php/?url=",
      "ext": {
        "flag": [
          "qq",
          "腾讯",
          "qiyi",
          "爱奇艺",
          "奇艺",
          "youku",
          "优酷",
          "tucheng",
          "sohu",
          "搜狐",
          "letv",
          "乐视",
          "mgtv",
          "芒果",
          "tnmb",
          "seven",
          "yzm",
          "aliyun",
          "RJuMao",
          "bilibili",
          "1905",
          "xinvip",
          "XAL",
          "qiqi",
          "XALS",
          "YuMi-vip"
        ]
      }
    },










{
            "name": "4K专线",
            "url": "http://110.42.7.182:881/api/?key=qEDfo9v5Uk48DVmu6W&url=",
            "flag": [
                "4kvip"
            ],
            "header": {
                "User-Agent": "Dalvik/2.1.0"
            },
            "type": "1"
        },
        {
            "name": "MX专线",
            "url": "http://110.42.7.182:881/api/?key=qEDfo9v5Uk48DVmu6W&url=",
            "flag": [
                "m78"
            ],
            "header": {
                "User-Agent": "Dalvik/2.1.0"
            },
            "type": "1"
        },
    {
      "name": "夏夜4k",
      "type": 1,
      "url": "http://8.155.50.80/xiaye.php?url="
    },
    {
      "name": "牛牛4k",
      "type": 1,
      "url": "http://jxyun.yunqiji.vip/api/?key=DR6KVJNPjkIQpkiyNH&url="
    },





        {
            "name": "巧技解🐣",
            "type": 1,
            "url": "http://pan.qiaoji8.com/tvbox/gouzi.php?url=",
            "ext": {
                "flag": [
                    "qq",
                    "腾讯",
                    "qiyi",
                    "爱奇艺",
                    "奇艺",
                    "youku",
                    "优酷",
                    "sohu",
                    "搜狐",
                    "letv",
                    "乐视",
                    "mgtv",
                    "芒果",
                    "tnmb",
                    "seven",
                    "bilibili",
                    "1905",
                    "NetFilx"
                ]
            }
        },
        {
            "name": "稻香解🌾",
            "type": 0,
            "url": "https://jx.xmflv.com/?url=",
            "ext": {
                "flag": [
                    "mgtv",
                    "qiyi",
                    "imgo",
                    "爱奇艺",
                    "奇艺",
                    "qq",
                    "腾讯",
                    "youku",
                    "优酷",
                    "pptv",
                    "PPTV",
                    "letv",
                    "乐视",
                    "leshi",
                    "bilibili",
                    "哔哩哔哩",
                    "哔哩",
                    "mgtv",
                    "芒果",
                    "芒果"
                ],
                "header": {
                    "User-Agent": "okhttp/3.12.0"
                }
            }
        },
        {
            "name": "777",
            "url": "https://jx.777jiexi.com/player/?url=",
            "type": 0,
            "ext": {
                "flag": [
                    "qiyi",
                    "imgo",
                    "爱奇艺",
                    "奇艺",
                    "qq",
                    "qq 预告及花絮",
                    "腾讯",
                    "youku",
                    "优酷",
                    "pptv",
                    "PPTV",
                    "letv",
                    "乐视",
                    "leshi",
                    "mgtv",
                    "芒果",
                    "sohu",
                    "xigua",
                    "fun",
                    "风行"
                ]
            },
            "header": {
                "User-Agent": "Mozilla/5.0"
            }
        },
        {
            "name": "8090g",
            "url": "https://www.8090g.cn/jiexi/?url=",
            "type": 0,
            "ext": {
                "flag": [
                    "qiyi",
                    "imgo",
                    "爱奇艺",
                    "奇艺",
                    "qq",
                    "qq 预告及花絮",
                    "腾讯",
                    "youku",
                    "优酷",
                    "pptv",
                    "PPTV",
                    "letv",
                    "乐视",
                    "leshi",
                    "mgtv",
                    "芒果",
                    "sohu",
                    "xigua",
                    "fun",
                    "风行"
                ]
            },
            "header": {
                "User-Agent": "Mozilla/5.0"
            }
        },
       



{
		"name": "Web聚合",
		"type": 3,
		"url": "Web"},
 

		{
		"name": "爱酷",
		"type": 0,
		"url": "https://api.iuys.cc/analysis.php?v=",
		"ext": {
			"flag": ["qq", "腾讯", "qiyi", "爱奇艺", "奇艺", "youku", "优酷", "mgtv", "芒果", "letv", "乐视", "pptv", "PPTV", "sohu", "bilibili", "哔哩哔哩", "哔哩"],"header":{"User-Agent":"okhttp/4.1.0"}
		}   },
	{"name":"kyB","type":1,"url":"https://stray.serv00.net/ky.php?url=","ext": {"flag": ["kyB"]}},

		{
		"name": "小鱼",
		"type": 0,
		"url": "http://jx.84jia.top:8020/fflzm3u8ts.php?url=",
		"ext": {
			"flag": ["qq", "腾讯", "qiyi", "爱奇艺", "奇艺", "youku", "优酷", "mgtv", "芒果", "letv", "乐视", "pptv", "PPTV", "sohu", "bilibili", "哔哩哔哩", "哔哩"],"header":{"User-Agent":"okhttp/4.1.0"}
		}   },
	{
		"name": "白嫖",
		"type": 0,
		"url": "	https://yueai22.cc/",
		"ext": {
			"flag": ["qq", "腾讯", "qiyi", "爱奇艺", "奇艺", "youku", "优酷", "mgtv", "芒果", "letv", "乐视", "pptv", "PPTV", "sohu", "bilibili", "哔哩哔哩", "哔哩"],"header":{"User-Agent":"okhttp/4.1.0"}}
	}, 





		





   {
      "name": "免费分享",
      "type": 0,
      "url": "https://jx.xmflv.com/?url=",
      "ext": {
        "flag": [
          "qq",
          "腾讯",
          "qiyi",
          "爱奇艺",
          "奇艺",
          "youku",
          "优酷",
          "mgtv",
          "芒果",
          "imgo",
          "letv",
          "乐视",
          "pptv",
          "PPTV",
          "sohu",
          "bilibili",
          "哔哩哔哩",
          "哔哩"
        ],
        "header": {
          "User-Agent": "okhttp/4.1.0"
        }
      }
    } , 
  
   
    
    
    {
		"name": "jsonplayer",
		"type": 0,
		"url": "https://jx.jsonplayer.com/player/?url=",
		"ext": {
			"flag": ["qq", "腾讯", "qiyi", "爱奇艺", "奇艺", "youku", "优酷", "mgtv", "芒果", "letv", "乐视", "pptv", "PPTV", "sohu", "bilibili", "哔哩哔哩", "哔哩"],"header":{"User-Agent":"okhttp/4.1.0"}
		}   
	}, {
		"name": "xmflv",
		"type": 0,
		"url": "https://jx.xmflv.com/?url=",
		"ext": {
			"flag": ["qq", "腾讯", "qiyi", "爱奇艺", "奇艺", "youku", "优酷", "mgtv", "芒果", "letv", "乐视", "pptv", "PPTV", "sohu", "bilibili", "哔哩哔哩", "哔哩"]
		}  
	}, {
		"name": "bozrc",
		"type": 0,
		"url": "https://jx.bozrc.com:4433/player/?url=",
		"ext": {
			"flag": ["qq", "腾讯", "qiyi", "爱奇艺", "奇艺", "youku", "优酷", "mgtv", "芒果", "letv", "乐视", "pptv", "PPTV", "sohu", "bilibili", "哔哩哔哩", "哔哩"],"header":{"User-Agent":"okhttp/4.1.0"}
		}   
	}, 
    
 {"name": "全解", "type": 1, "url": "http://119.91.123.253:2345/Api/yun.php?url=","ext":{"flag":["360","qq","腾讯","企鹅","IQiYi","qiyi","爱奇艺","奇艺","youku","YouKu","优酷","sohu","SoHu","搜狐","letv","LeShi","乐视","imgo","mgtv","MangGuo","芒果","SLYS4k","BYGA","luanzi","AliS","dxzy","bilibili","QEYSS","xigua","西瓜视频","腾讯视频","奇艺视频","优酷视频","芒果视频","乐视视频"],"header":{"User-Agent":"Dart/2.18 (dart:io)"}}},
{"name":"黄金","type":1,"url":"http://jx.xn--od1aq39b.net:8899/api/?key=uxD8rsV2ISvNHowx5i&url=","ext": {"flag": ["360","YuMi","SMD","FYNB","qq", "腾讯", "qiyi", "爱奇艺", "奇艺", "youku", "优酷", "mgtv", "芒果", "letv", "乐视", "pptv", "PPTV", "sohu", "bilibili", "哔哩哔哩", "哔哩"],"header":{"User-Agent":"okhttp/3.12.11"}}},

{"name": "西米","type": 0,"url": "https://jx.xmflv.com/?url=","ext": {"flag": ["qq","腾讯","qiyi","爱奇艺","奇艺","youku","优酷","mgtv","芒果","imgo","letv","乐视","pptv","PPTV","sohu","bilibili","哔哩哔哩","哔哩"],"header": {"User-Agent": "okhttp/4.1.0"}}},

{"name": "m3u8","type": 0,"url": "https://jx.m3u8.tv/jiexi/?url="},
    
    
    
    
    
    
    
    
    
    
    {
		"name": "ckmov",
		"type": 0,
		"url": "https://yun.ckmov.com/?url=",
		"ext": {
			"flag": ["qq", "腾讯", "qiyi", "爱奇艺", "奇艺", "youku", "优酷", "mgtv", "芒果", "letv", "乐视", "pptv", "PPTV", "sohu", "bilibili", "哔哩哔哩", "哔哩"]
		}  
	}],
  
   "doh":[{"name":"Google","url":"https://dns.google/dns-query","ips":["8.8.4.4","8.8.8.8"]},{"name":"Cloudflare","url":"https://cloudflare-dns.com/dns-query","ips":["1.1.1.1","1.0.0.1","2606:4700:4700::1111","2606:4700:4700::1001"]},{"name":"AdGuard","url":"https://dns.adguard.com/dns-query","ips":["94.140.14.140","94.140.14.141"]},{"name":"DNSWatch","url":"https://resolver2.dns.watch/dns-query","ips":["84.200.69.80","84.200.70.40"]},{"name":"Quad9","url":"https://dns.quad9.net/dns-quer","ips":["9.9.9.9","149.112.112.112"]}],
   "rules":[{"name":"wp","hosts":["vip.123pan.cn","rescdn.wuxivlog.cn"],"regex":["#EXT-X-DISCONTINUITY\\r*\\n*#EXTINF:20.840000,[\\s\\S]*?#EXT-X-DISCONTINUITY","#EXT-X-DISCONTINUITY\\r*\\n*#EXTINF:10.120000,[\\s\\S]*?#EXT-X-DISCONTINUITY","#EXTINF.*?\\s+.*?1o.*?\\.ts\\s+"]},{"name":"nm","hosts":["toutiaovod.com"],"regex":["video/tos/cn"]},{"name":"阳图","hosts":["jx.yangtu.top"],"regex":["download4.caiyun.feixin.10086.cn","/servlet/"]},{"name":"量子","hosts":["vip.lz","hd.lz","v.cdnlz1","v.cdnlz"],"regex":["#EXT-X-DISCONTINUITY\\r*\\n*#EXTINF:6.433333,[\\s\\S]*?#EXT-X-DISCONTINUITY","#EXTINF.*?\\s+.*?1o.*?\\.ts\\s+"]},{"name":"非凡","hosts":["vip.ffzy","hd.ffzy"],"regex":["#EXT-X-DISCONTINUITY\\r*\\n*#EXTINF:6.666667,[\\s\\S]*?#EXT-X-DISCONTINUITY","#EXTINF.*?\\s+.*?1o.*?\\.ts\\s+"]},{"name":"暴風","hosts":["bfzy"],"regex":["#EXT-X-DISCONTINUITY\\r*\\n*#EXTINF:3,[\\s\\S]*?#EXT-X-DISCONTINUITY"]},{"name":"hs","hosts":["huoshan.com"],"regex":["item_id="]},{"name":"dy","hosts":["douyin.com"],"regex":["is_play_url="]},{"name":"cl","hosts":["magnet"],"regex":["最 新","直 播","更 新"]}],
   

   
   
   
   
   "flags":["youku","kyB","qq","QQ","iqiyi","qiyi","letv","sohu","tudou","pptv","PPTV","mgtv","ltnb","rx","SLYS4k","BYGA","BYGB","luanzi","dxzy","QEYSS","aliyun","AliS","122","chuangying","CL4K","xfyun","wuduzy","wasu","bilibili","renrenmi","xmm","xigua","m1905","funshion","优酷","芒果","腾讯","爱奇艺","奇艺","哔哩哔哩","哔哩","西瓜视频","腾讯视频","奇艺视频","优酷视频","芒果视频","乐视视频","FY","fy","FeiYun","feiyun","飞云"],
   "ijk":[{"group":"软解码","options":[{"category":4,"name":"opensles","value":"0"},{"category":4,"name":"overlay-format","value":"842225234"},{"category":4,"name":"framedrop","value":"1"},{"category":4,"name":"soundtouch","value":"1"},{"category":4,"name":"start-on-prepared","value":"1"},{"category":1,"name":"http-detect-rangeupport","value":"0"},{"category":1,"name":"fflags","value":"fastseek"},{"category":2,"name":"skip_loop_filter","value":"48"},{"category":4,"name":"reconnect","value":"1"},{"category":4,"name":"enable-accurateeek","value":"0"},{"category":4,"name":"mediacodec","value":"0"},{"category":4,"name":"mediacodec-auto-rotate","value":"0"},{"category":4,"name":"mediacodec-handle-resolution-change","value":"0"},{"category":4,"name":"mediacodec-hevc","value":"0"},{"category":1,"name":"dns_cache_timeout","value":"600000000"}]},{"group":"硬解码","options":[{"category":4,"name":"opensles","value":"0"},{"category":4,"name":"overlay-format","value":"842225234"},{"category":4,"name":"framedrop","value":"1"},{"category":4,"name":"soundtouch","value":"1"},{"category":4,"name":"start-on-prepared","value":"1"},{"category":1,"name":"http-detect-rangeupport","value":"0"},{"category":1,"name":"fflags","value":"fastseek"},{"category":2,"name":"skip_loop_filter","value":"48"},{"category":4,"name":"reconnect","value":"1"},{"category":4,"name":"enable-accurateeek","value":"0"},{"category":4,"name":"mediacodec","value":"1"},{"category":4,"name":"mediacodec-auto-rotate","value":"1"},{"category":4,"name":"mediacodec-handle-resolution-change","value":"1"},{"category":4,"name":"mediacodec-hevc","value":"1"},{"category":1,"name":"dns_cache_timeout","value":"600000000"}]}],
   "ads":["iqiyi.hbuioo.com","vip.ffzyad.com","wan.51img1.com","https://lf1-cdn-tos.bytegoofy.com/obj/tos-cn-i-dy/455ccf9e8ae744378118e4bd289288dd","mimg.0c1q0l.cn","www.googletagmanager.com","www.google-analytics.com","mc.usihnbcq.cn","mg.g1mm3d.cn","mscs.svaeuzh.cn","cnzz.hhttm.top","tp.vinuxhome.com","cnzz.mmstat.com","www.baihuillq.com","s23.cnzz.com","z3.cnzz.com","c.cnzz.com","stj.v1vo.top","z12.cnzz.com","img.mosflower.cn","tips.gamevvip.com","ehwe.yhdtns.com","xdn.cqqc3.com","www.jixunkyy.cn","sp.chemacid.cn","hm.baidu.com","s9.cnzz.com","z6.cnzz.com","um.cavuc.com","mav.mavuz.com","wofwk.aoidf3.com","z5.cnzz.com","xc.hubeijieshikj.cn","tj.tianwenhu.com","xg.gars57.cn","k.jinxiuzhilv.com","cdn.bootcss.com","ppl.xunzhuo123.com","xomk.jiangjunmh.top","img.xunzhuo123.com","z1.cnzz.com","s13.cnzz.com","xg.huataisangao.cn","z7.cnzz.com","xg.huataisangao.cn","z2.cnzz.com","s96.cnzz.com","q11.cnzz.com","thy.dacedsfa.cn","xg.whsbpw.cn","s19.cnzz.com","z8.cnzz.com","s4.cnzz.com","f5w.as12df.top","ae01.alicdn.com","www.92424.cn","k.wudejia.com","vivovip.mmszxc.top","qiu.xixiqiu.com","cdnjs.hnfenxun.com","dianyingnn.com","cms.qdwght.com"]}