{
//"cookie": "https://gitea.com/Yoursmile2/Yoursmile/raw/branch/main/bili.txt",  
//"cookie": "https://raw.githubusercontent.com/c120487/00/main/bili_cookie.txt",  
"cookie": "",  

"classes":[

{"type_name":"沙雕搞笑","type_id":"傻雕搞笑"},
{"type_name":"快手音乐","type_id":"快手音乐"},
{"type_name":"抖音音乐","type_id":"抖音音乐"},

{"type_name":"车模视频","type_id":"车模视频"},

{"type_name":"夜店视频","type_id":"夜店视频"},
{"type_name":"影视MV","type_id":"影视MV"},
{"type_name":"手游","type_id":"手游"},
{"type_name":"pc游戏","type_id":"pc游戏"},
{"type_name":"高清现场","type_id":"高清现场"},
{"type_name":"人民日报","type_id":"人民日报"},
{"type_name":"Hi-R","type_id":"Hi-Res"},
{"type_name":"广告","type_id":"广告"},
{"type_name":"典籍里的中国","type_id":"典籍里的中国"},
{"type_name":"电影解说","type_id":"电影解说"},
{"type_name":"中文DJ","type_id":"中文DJ"},
{"type_name":"戏曲","type_id":"戏曲"},
{"type_name":"汽车事故","type_id":"汽车事故"},
{"type_name":"小学教育","type_id":"小学教育"},
{"type_name":"动漫番剧","type_id":"动漫番剧"},
{"type_name":"相声","type_id":"相声"},
{"type_name":"4K风景","type_id":"4K风景"},
{"type_name":"血洗B站","type_id":"血洗B站"},
{"type_name":"LaySha","type_id":"LaySha"},
{"type_name":"4K韓團","type_id":"4K 超性感 合集 更新中"},
{"type_name":"美女","type_id":"美女 4k"},

{"type_name":"韩国女团","type_id":"韩国女团 4K"},
{"type_name":"日本女团","type_id":"日本女团 4K"},
{"type_name":"中国女团","type_id":"中国女团 4K"},

{"type_name":"热舞","type_id":"热舞 4K"},
{"type_name":"音乐","type_id":"音乐 4k"},
{"type_name":"网红翻唱","type_id":"网红翻唱"},



{"type_name":"清纯女生","type_id":"清纯女生"}

],



  "cookie": "buvid_fp_plain=undefined; header_theme_version=CLOSE; PVID=1; buvid4=3A49A725-00D0-2AF2-7037-F442C85F130937725-022100900-zOXW6fOdu77ioX%2BIVm0nwA%3D%3D; CURRENT_FNVAL=4048; buvid3=2FBAD7D5-658A-4DE3-B93F-34AEAB029A3B33241infoc; b_nut=1696324033; _uuid=66C37D101-DB12-BDC3-810F1-8D436BE38D2728848infoc; enable_web_push=DISABLE; hit-dyn-v2=1; rpdid=|(ku|kk~JRRk0J'u~|R)k||YJ; DedeUserID=186957646; DedeUserID__ckMd5=4f717c8832ee1e62; fingerprint=214e319fab4471dab7f4026a4e70d756; FEED_LIVE_VERSION=V_WATCHLATER_PIP_WINDOW3; CURRENT_QUALITY=120; bp_t_offset_186957646=935490503267319845; bili_ticket=eyJhbGciOiJIUzI1NiIsImtpZCI6InMwMyIsInR5cCI6IkpXVCJ9.eyJleHAiOjE3MjAxNzI4MzYsImlhdCI6MTcxOTkxMzU3NiwicGx0IjotMX0.NXkzE9mc_KPnJ7WHPXGDIpb48pbxm4c9nn2VIdDbO5g; bili_ticket_expires=1720172776; SESSDATA=efbf37db%2C1735465642%2C21dd9%2A71CjBiLjT9pXuTpvWavbEMuz5W14MXXZIdWYEw3s5T28Iri63zwQ2gu2jUQn1CO3gqITkSVlVHeDFIYlJxMmFjNmwyOXJydUFKUmZ0Z19SYmtKSWZhTGQ3dWc3LUFVeFFQZkJQUE04SnJJYVJNaV9EYloxVzNnR1h6eE5XMlpEdjlkbkw5Qlh1dG5BIIEC; bili_jct=9efcb3fc11ee3e15d075e6df5bc9d12b; sid=4s2me4cl; b_lsid=1065645C1_1907DD13E89; home_feed_column=4; browser_resolution=819-1292; buvid_fp=2FBAD7D5-658A-4DE3-B93F-34AEAB029A3B33241infoc",


"filter":{

"广告":[
{"key":"tid","name":"广告","value":[
{"n":"全部","v":"广告"},
{"n":"央视广告","v":"央视广告"},
{"n":"安徽卫视","v":"安徽卫视"},

{"n":"北京卫视","v":"北京卫视"},
{"n":"C重庆","v":"重庆"},

{"n":"F福建","v":"福建 "},
{"n":"G广东","v":"广东 "},
{"n":"G广西","v":"广西 "},
{"n":"G贵州","v":"贵州 "},
{"n":"G甘肃","v":"甘肃 "},
{"n":"H海南","v":"海南 "},
{"n":"H河北","v":"河北 "},
{"n":"H河南","v":"河南 "},
{"n":"H湖北","v":"湖北 "},
{"n":"H湖南","v":"湖南 "},
{"n":"H黑龙江","v":"黑龙江 "},
{"n":"J吉林","v":"吉林 "},
{"n":"J江苏","v":"江苏 "},
{"n":"J江西","v":"江西 "},
{"n":"L辽宁","v":"辽宁 "},
{"n":"M民宿","v":"民宿 "},
{"n":"N内蒙古","v":"内蒙古 "},
{"n":"N宁夏","v":"宁夏 "},
{"n":"Q青海","v":"青海 "},
{"n":"S上海","v":"上海 "},
{"n":"S陕西","v":"陕西 "},
{"n":"S四川","v":"四川 "},
{"n":"S山西","v":"山西 "},
{"n":"S山东","v":"山东 "},
{"n":"T天津","v":"天津 "},
{"n":"T台湾","v":"台湾 "},
{"n":"T天空","v":"天空 "},
{"n":"X西湖","v":"西湖 "},
{"n":"X西藏","v":"西藏 "},
{"n":"X新疆","v":"新疆 "},
{"n":"X香港","v":"香港 "},
{"n":"Y云南","v":"云南 "},
{"n":"Z浙江","v":"浙江 "}
]},
  {"key":"year","name":"年份","value":[
  {"n":"全部","v":""},
  {"n":"2024","v":"/year/2024"},
  {"n":"2023","v":"/year/2023"},
  {"n":"2022","v":"/year/2022"},
  {"n":"2021","v":"/year/2021"},
  {"n":"2020","v":"/year/2020"},
  {"n":"2019","v":"/year/2019"},
  {"n":"2018","v":"/year/2018"},
  {"n":"2017","v":"/year/2017"},
  {"n":"2016","v":"/year/2016"},
  {"n":"2015","v":"/year/2015"},
  {"n":"2014","v":"/year/2014"},
  {"n":"2013","v":"/year/2013"},
  {"n":"2012","v":"/year/2012"},
  {"n":"2011","v":"/year/2011"},
  {"n":"2010","v":"/year/2010"},
  {"n":"2009","v":"/year/2009"},
  {"n":"2008","v":"/year/2008"},
  {"n":"2007","v":"/year/2007"},
  {"n":"2006","v":"/year/2006"},
  {"n":"2005","v":"/year/2005"},
  {"n":"2004","v":"/year/2004"}]},
  
{"key":"duration","name":"时长","value":[
{"n":"全部","v":"0"},
{"n":"60分钟以上","v":"4"},
{"n":"30~60分钟","v":"3"},
{"n":"10~30分钟","v":"2"},
{"n":"10分钟以下","v":"1"}
]}],


"戏曲":[
{"key":"order","name":"排序","value":[
{"n":"综合排序","v":"0"},
{"n":"最多点击","v":"click"},
{"n":"最新发布","v":"pubdate"},
{"n":"最多弹幕","v":"dm"},
{"n":"最多收藏","v":"stow"}
]},
{"key":"tid","name":"分类","value":[
{"n":"全部","v":"戏曲"},
{"n":"黄梅戏","v":"黄梅戏"},
{"n":"京剧","v":"京剧"},
{"n":"豫剧","v":"豫剧"},
{"n":"越剧","v":"越剧"},
{"n":"评剧","v":"评剧"},
{"n":"昆曲","v":"昆曲"},
{"n":"秦腔","v":"秦腔"},
{"n":"川剧","v":"川剧"},
{"n":"湘剧","v":"湘剧"},
{"n":"曲剧","v":"曲剧"},
{"n":"越调","v":"越调"},
{"n":"豫东调","v":"豫东调"},

{"n":"粤剧","v":"粤剧"}
]},

{"key":"duration","name":"时长","value":[
{"n":"全部时长","v":"0"},
{"n":"60分钟以上","v":"4"},
{"n":"30~60分钟","v":"3"},
{"n":"10~30分钟","v":"2"},
{"n":"10分钟以下","v":"1"}
]}

],


"4K风景":[
{"key":"tid","name":"4k风景","value":[
{"n":"全部","v":"4K风景"},
{"n":"A澳门","v":"澳门 "},
{"n":"A安徽","v":"安徽 "},
{"n":"B布达拉宫","v":"布达拉宫 "},
{"n":"B北京","v":"北京 "},
{"n":"C重庆","v":"重庆 "},
{"n":"C草原","v":"草原 "},
{"n":"D大海","v":"大海 "},
{"n":"F福建","v":"福建 "},
{"n":"G广东","v":"广东 "},
{"n":"G广西","v":"广西 "},
{"n":"G贵州","v":"贵州 "},
{"n":"G甘肃","v":"甘肃 "},
{"n":"H海南","v":"海南 "},
{"n":"H河北","v":"河北 "},
{"n":"H河南","v":"河南 "},
{"n":"H湖北","v":"湖北 "},
{"n":"H湖南","v":"湖南 "},
{"n":"H黑龙江","v":"黑龙江 "},
{"n":"J吉林","v":"吉林 "},
{"n":"J江苏","v":"江苏 "},
{"n":"J江西","v":"江西 "},
{"n":"L辽宁","v":"辽宁 "},
{"n":"M民宿","v":"民宿 "},
{"n":"N内蒙古","v":"内蒙古 "},
{"n":"N宁夏","v":"宁夏 "},
{"n":"Q青海","v":"青海 "},
{"n":"S上海","v":"上海 "},
{"n":"S陕西","v":"陕西 "},
{"n":"S四川","v":"四川 "},
{"n":"S山西","v":"山西 "},
{"n":"S山东","v":"山东 "},
{"n":"T天津","v":"天津 "},
{"n":"T台湾","v":"台湾 "},
{"n":"T天空","v":"天空 "},
{"n":"X西湖","v":"西湖 "},
{"n":"X西藏","v":"西藏 "},
{"n":"X新疆","v":"新疆 "},
{"n":"X香港","v":"香港 "},
{"n":"Y云南","v":"云南 "},
{"n":"Z浙江","v":"浙江 "}
]},
  {"key":"year","name":"年份","value":[
  {"n":"全部","v":""},
  {"n":"2024","v":"/year/2024"},
  {"n":"2023","v":"/year/2023"},
  {"n":"2022","v":"/year/2022"},
  {"n":"2021","v":"/year/2021"},
  {"n":"2020","v":"/year/2020"},
  {"n":"2019","v":"/year/2019"},
  {"n":"2018","v":"/year/2018"},
  {"n":"2017","v":"/year/2017"},
  {"n":"2016","v":"/year/2016"},
  {"n":"2015","v":"/year/2015"},
  {"n":"2014","v":"/year/2014"},
  {"n":"2013","v":"/year/2013"},
  {"n":"2012","v":"/year/2012"},
  {"n":"2011","v":"/year/2011"},
  {"n":"2010","v":"/year/2010"},
  {"n":"2009","v":"/year/2009"},
  {"n":"2008","v":"/year/2008"},
  {"n":"2007","v":"/year/2007"},
  {"n":"2006","v":"/year/2006"},
  {"n":"2005","v":"/year/2005"},
    {"n":"90年代","v":"/year/90年代"},
    {"n":"80年代","v":"/year/80年代"},
    {"n":"70年代","v":"/year/70年代"},
    {"n":"60年代","v":"/year/60年代"}
  ]},
  
{"key":"duration","name":"时长","value":[
{"n":"全部","v":"0"},
{"n":"60分钟以上","v":"4"},
{"n":"30~60分钟","v":"3"},
{"n":"10~30分钟","v":"2"},
{"n":"10分钟以下","v":"1"}
]}],


"小学教育":[
{"key":"order","name":"排序","value":[
{"n":"综合排序","v":"0"},
{"n":"最多点击","v":"click"},
{"n":"最新发布","v":"pubdate"},
{"n":"最多弹幕","v":"dm"},
{"n":"最多收藏","v":"stow"}
]},
{"key":"tid","name":"分类","value":[
{"n":"全部","v":"小学教育"},
{"n":"小学六年级数学","v":"小学六年级数学"},
{"n":"小学六年级语文","v":"小学六年级语"}

]},
{"key":"duration","name":"年级","value":[
{"n":"全部","v":"0"},
{"n":"小学一年级","v":"4"},
{"n":"小学二年级","v":"3"},
{"n":"小学六年级上册","v":"2"},
{"n":"小学六年级下册","v":"1"}
]}
],

"动漫番剧":[
{"key":"order","name":"排序","value":[
{"n":"综合排序","v":"0"},
{"n":"最多点击","v":"click"},
{"n":"最新发布","v":"pubdate"},
{"n":"最多弹幕","v":"dm"},
{"n":"最多收藏","v":"stow"}
]},
{"key":"tid","name":"分类","value":[
{"n":"全部","v":"动漫番剧"},
{"n":"日本动漫","v":"日本动漫"},
{"n":"中国动漫","v":"中国动漫"},
{"n":"欧洲动漫","v":"欧洲动漫"},
{"n":"后宫动漫","v":"后宫动漫"},
{"n":"權御天下","v":"權御天下"},
{"n":"千指大人","v":"千指大人"},
{"n":"张韶涵","v":"张韶涵"},
{"n":"A-Lin","v":"A-Lin"},
{"n":"刘惜君","v":"刘惜君"},
{"n":"HITA","v":"HITA"},
{"n":"郑丽媛","v":"郑丽媛"},
{"n":"景甜","v":"景甜"},
{"n":"唐詩逸","v":"唐詩逸"},
{"n":"司藤","v":"司藤"},
{"n":"御赐小仵作","v":"御赐小仵作"}
]},

{"key":"duration","name":"时长","value":[
{"n":"全部时长","v":"0"},
{"n":"60分钟以上","v":"4"},
{"n":"30~60分钟","v":"3"},
{"n":"10~30分钟","v":"2"},
{"n":"10分钟以下","v":"1"}
]}

],

"血洗B站":[
{"key":"order","name":"排序","value":[
{"n":"综合排序","v":"0"},
{"n":"最多点击","v":"click"},
{"n":"最新发布","v":"pubdate"},
{"n":"最多弹幕","v":"dm"},
{"n":"最多收藏","v":"stow"}
]},
{"key":"tid","name":"分类","value":[
{"n":"全部","v":"血洗B站"},
{"n":"极乐净土","v":"极乐净土"},
{"n":"桃源恋歌","v":"桃源恋歌"},
{"n":"千本樱","v":"千本樱"},
{"n":"GARNiDELiA","v":"GARNiDELiA"},
{"n":"權御天下","v":"權御天下"},
{"n":"千指大人","v":"千指大人"},
{"n":"张韶涵","v":"张韶涵"},
{"n":"A-Lin","v":"A-Lin"},
{"n":"刘惜君","v":"刘惜君"},
{"n":"HITA","v":"HITA"},
{"n":"郑丽媛","v":"郑丽媛"},
{"n":"景甜","v":"景甜"},
{"n":"唐詩逸","v":"唐詩逸"},
{"n":"司藤","v":"司藤"},
{"n":"御赐小仵作","v":"御赐小仵作"}
]}
],
"LaySha":[
{"key":"order","name":"排序","value":[
{"n":"综合排序","v":"0"},
{"n":"最多点击","v":"click"},
{"n":"最新发布","v":"pubdate"},
{"n":"最多弹幕","v":"dm"},
{"n":"最多收藏","v":"stow"}
]},
{"key":"tid","name":"分类","value":[
{"n":"全部","v":"LaySha"},
{"n":"高恩","v":"Laysha 高恩"},
{"n":"惠利","v":"Laysha 惠利"},
{"n":"彩珍","v":"Laysha 彩珍"},
{"n":"多顺","v":"laysha 多顺"},
{"n":"寶凜","v":"laysha 寶凜"},
{"n":"Level up","v":"laysha level up"},
{"n":"MV","v":"laysha MV"},
{"n":"4k","v":"LaySha 4K"},
{"n":"現埸","v":"laysha 現埸"},
{"n":"练习室","v":"laysha练习室"},
{"n":"竖屏饭拍","v":"Laysha女神[金高恩竖屏饭拍]"},
{"n":"韩国女团","v":"Laysha韩国女团"}
]}
],
"張韶涵":[
{"key":"order","name":"排序","value":[
{"n":"综合排序","v":"0"},
{"n":"最多点击","v":"click"},
{"n":"最新发布","v":"pubdate"},
{"n":"最多弹幕","v":"dm"},
{"n":"最多收藏","v":"stow"}
]},
{"key":"tid","name":"分类","value":[
{"n":"全部","v":"張韶涵"},
{"n":"孤勇者","v":"張韶涵 孤勇者"},
{"n":"如愿","v":"張韶涵 如愿"},
{"n":"歌手","v":"張韶涵 歌手"},
{"n":"天赐的声音","v":"張韶涵 天賜"}
]}
],
"4K 超性感 合集 更新中":[
{"key":"order","name":"排序","value":[
{"n":"综合排序","v":"0"},
{"n":"最多点击","v":"click"},
{"n":"最新发布","v":"pubdate"},
{"n":"最多弹幕","v":"dm"},
{"n":"最多收藏","v":"stow"}
]},
{"key":"tid","name":"分类","value":[
{"n":"全部","v":"性感 mv 合集"},
{"n":"Kpop","v":"kpop mv 合集"},
{"n":"热舞","v":"韩国小姐姐性感热舞"},
{"n":"性感","v":"韓團 性感"},
{"n":"女團","v":"韓女團"},
{"n":"養眼","v":"韓女團 養眼"},
{"n":"舞蹈","v":"性感女团 舞蹈"},
{"n":"禁舞","v":"女团性感禁舞"}
]}
],
"美女 4k":[
{"key":"order","name":"排序","value":[
{"n":"综合排序","v":"0"},
{"n":"最多点击","v":"click"},
{"n":"最新发布","v":"pubdate"},
{"n":"最多弹幕","v":"dm"},
{"n":"最多收藏","v":"stow"}
]},
{"key":"tid","name":"分类","value":[
{"n":"全部","v":"美女 4k"},
{"n":"小姐姐","v":"小姐姐"},
{"n":"比基尼","v":"比基尼小姐姐 泳装"},
{"n":"美女","v":"美女舞蹈"},
{"n":"養眼","v":"養眼 美女 合集"},
{"n":"身材","v":"美女 身材"},
{"n":"抖胸","v":"美女 抖胸"},
{"n":"長腿","v":"美女 長腿"},
{"n":"宅舞","v":"宅舞"},
{"n":"韩舞","v":"韩舞"},
{"n":"抖音","v":"抖音美女"},
{"n":"快手","v":"快手美女"},
{"n":"女团","v":"女团"},
{"n":"古风","v":"古风舞蹈 4K"}
]}
],


"热舞 4K":[
{"key":"tid","name":"分类","value":[{"n":"全部","v":"舞蹈"},{"n":"宅舞","v":"宅舞"},{"n":"街舞","v":"街舞"},{"n":"明星舞蹈","v":"明星舞蹈"},{"n":"韩舞","v":"韩舞"},{"n":"古典舞","v":"古典舞"},{"n":"翻跳","v":"翻跳"},{"n":"中国舞","v":"中国舞"},{"n":"古风舞","v":"古风舞"},{"n":"现代舞","v":"现代舞"},{"n":"爵士舞","v":"爵士舞"},{"n":"芭蕾","v":"芭蕾"},{"n":"编舞","v":"编舞"},{"n":"POPPING","v":"POPPING"},{"n":"极乐净土","v":"极乐净土"},{"n":"桃源恋歌","v":"桃源恋歌"},{"n":"新宝岛","v":"新宝岛"},{"n":"拉丁舞","v":"拉丁舞"},{"n":"蹦迪","v":"蹦迪"},{"n":"民族舞","v":"民族舞"},{"n":"抖肩舞","v":"抖肩舞"},{"n":"齐舞","v":"齐舞"},{"n":"机械舞","v":"机械舞"},{"n":"广场舞","v":"广场舞"},{"n":"BDF","v":"BDF"},{"n":"抖音合集","v":"抖音合集"},{"n":"快手美女合集","v":"快手美女合集"},{"n":"练习室","v":"练习室"},{"n":"美女舞蹈","v":"美女舞蹈"},{"n":"牛仔裤","v":"牛仔裤"},{"n":"黑丝","v":"黑丝"},{"n":"超短裤","v":"超短裤"},{"n":"超短裙","v":"超短裙"},{"n":"舞蹈综合","v":"舞蹈综合"},{"n":"舞蹈教程","v":"舞蹈教程"}]},
{"key":"duration","name":"时长","value":[{"n":"全部","v":"0"},{"n":"60分钟以上","v":"4"},{"n":"30~60分钟","v":"3"},{"n":"10~30分钟","v":"2"},{"n":"10分钟以下","v":"1"}]}
],
"4K资源":[
{"key":"tid","name":"4K资源",
"value":[{"n":"全部","v":"4k资源合集"},{"n":"SNH48","v":"SNH48 MV 合集"},{"n":"S.H.E","v":"S.H.E MV 合集"},{"n":"Twins","v":"Twins MV 合集"},{"n":"火箭少女101","v":"火箭少女101 MV 合集"},{"n":"BY2","v":"BY2 MV 合集"},{"n":"S.I.N.G","v":"S.I.N.G MV 合集"},{"n":"3unshine","v":"3unshine MV 合集"},{"n":"蜜蜂少女队","v":"蜜蜂少女队 MV 合集"},{"n":"七朵组合","v":"七朵组合 MV 合集"},{"n":"GNZ48","v":"GNZ48 MV 合集"}]}
],

"中国女团 4K":[
{"key":"tid","name":"中国女团","value":[{"n":"全部","v":"中国女团 MV 合集"},{"n":"SNH48","v":"SNH48 MV 合集"},{"n":"S.H.E","v":"S.H.E MV 合集"},{"n":"Twins","v":"Twins MV 合集"},{"n":"火箭少女101","v":"火箭少女101 MV 合集"},{"n":"BY2","v":"BY2 MV 合集"},{"n":"S.I.N.G","v":"S.I.N.G MV 合集"},{"n":"3unshine","v":"3unshine MV 合集"},{"n":"蜜蜂少女队","v":"蜜蜂少女队 MV 合集"},{"n":"七朵组合","v":"七朵组合 MV 合集"},{"n":"GNZ48","v":"GNZ48 MV 合集"}]}
],

"韩国女团 4K":[
{"key":"tid","name":"韩国女团","value":[{"n":"全部","v":"韩国女团 MV 合集"},{"n":"TWICE","v":"TWICE MV 合集"},{"n":"4MINUTE","v":"4MINUTE MV 合集"},{"n":"EXID","v":"EXID MV 合集"},{"n":"KARA","v":"KARA MV 合集"},{"n":"TARA","v":"TARA MV 合集"},{"n":"BLACKPINK","v":"BLACKPINK MV 合集"},{"n":"LOONA","v":"LOONA MV 合集"},{"n":"ITZY","v":"ITZY MV 合集"},{"n":"Red Velvet","v":"Red Velvet MV 合集"},{"n":"Everglow","v":"Everglow MV 合集"},{"n":"Mamamoo","v":"Mamamoo MV 合集"},{"n":"少女时代","v":"少女时代 MV 合集"},{"n":"S.E.S","v":"S.E.S MV 合集"},{"n":"FIN.K.L","v":"FIN.K.L MV 合集"},{"n":"2NE1","v":"2NE1 MV 合集"},{"n":"Wonder Girls","v":"Wonder Girls MV 合集"},{"n":"IZ*ONE","v":"IZ*ONE MV 合集"},{"n":"Sistar","v":"Sistar MV 合集"},{"n":"Apink","v":"Apink MV 合集"},{"n":"AOA","v":"AOA MV 合集"},{"n":"GFRIEND","v":"GFRIEND MV 合集"},{"n":"f(x)","v":"f(x) MV 合集"},{"n":"(G)I-DLE","v":"(G)I-DLE MV 合集"},{"n":"Itzy","v":"Itzy MV 合集"},{"n":"Oh! GG","v":"Oh! GG MV 合集"},{"n":"GirlCrush","v":"GirlCrush MV 合集"}]}
],

"日本女团 4K":[
{"key":"tid","name":"日本女团","value":[{"n":"全部","v":"日本女团 MV 合集"},{"n":"AKB48","v":"AKB48 MV 合集"},{"n":"SKE48","v":"SKE48 MV 合集"},{"n":"NMB48","v":"NMB48 MV 合集"},{"n":"JKT48","v":"JKT48 MV 合集"},{"n":"HKT48","v":"HKT48 MV 合集"},{"n":"AKB48 Team TP","v":"AKB48 Team TP MV 合集"},{"n":"Perfume","v":"Perfume MV 合集"},{"n":"桃色幸运草Z","v":"桃色幸运草Z MV 合集"},{"n":"乃木坂46乃","v":"乃木坂46乃 MV 合集"},{"n":"樱坂46","v":"樱坂46 MV 合集"},{"n":"日向坂46","v":"日向坂46 MV 合集"},{"n":"E-girls","v":"E-girls MV 合集"},{"n":"NiziU","v":"NiziU MV 合集"},{"n":"BiSH","v":"BiSH MV 合集"},{"n":"早安少女组","v":"早安少女组 MV 合集"}]}
],

"清纯女生":[
{"key":"order","name":"排序","value":[
{"n":"综合排序","v":"0"},
{"n":"最多点击","v":"click"},
{"n":"最新发布","v":"pubdate"},
{"n":"最多弹幕","v":"dm"},
{"n":"最多收藏","v":"stow"}
]},
{"key":"tid","name":"分类","value":[
{"n":"全部","v":"女生搭配"},
{"n":"内衣","v":"内衣"},
{"n":"丝袜","v":"丝袜"},
{"n":"卫衣","v":"卫衣"},
{"n":"裙子","v":"裙子"},
{"n":"大胸","v":"大胸"},
{"n":"紧身裤","v":"紧身裤"},
{"n":"性感泳衣","v":"性感泳衣"},
{"n":"齐逼短裤","v":"齐逼短裤"},
{"n":"礼服","v":"礼服"},
{"n":"美女游泳","v":"美女游泳"},
{"n":"肉色内衣","v":"肉色内衣"},
{"n":"透明内衣","v":"透明内衣"},
{"n":"比基尼","v":"比基尼"}
]},
{"key":"duration","name":"时长","value":[
{"n":"全部时长","v":"0"},
{"n":"60分钟以上","v":"4"},
{"n":"30~60分钟","v":"3"},
{"n":"10~30分钟","v":"2"},
{"n":"10分钟以下","v":"1"}
]}
],
"相声":[
{"key":"order","name":"排序","value":[
{"n":"综合排序","v":"0"},
{"n":"最多点击","v":"click"},
{"n":"最新发布","v":"pubdate"},
{"n":"最多弹幕","v":"dm"},
{"n":"最多收藏","v":"stow"}
]},
{"key":"tid","name":"分类","value":[
{"n":"全部","v":"相声合集"},
{"n":"春晚相声","v":"春晚相声"},
{"n":"岳云鹏","v":"岳云鹏"},
{"n":"郭德纲","v":"郭德纲"},
{"n":"地方台相声","v":"地方台相声"}
]},
{"key":"duration","name":"时长","value":[
{"n":"全部时长","v":"0"},
{"n":"60分钟以上","v":"4"},
{"n":"30~60分钟","v":"3"},
{"n":"10~30分钟","v":"2"},
{"n":"10分钟以下","v":"1"}
]}
]
}
}