{
    "作者": "年少轻狂",
    "站名": "",
    "请求头": "User-Agent$MOBILE_UA",
    "编码": "UTF-8",
    "图片代理": "0",
    "主页url": "https://www.ccttv1.cc/mov/shuangwenduanju/",
    "首页": "120",
    "起始页": "1",
    "分类url": "https://www.ccttv1.cc/video/shuangwenduanju/area/{area}/by/{by}/class/{cateId}/year/{year}/",
    "分类": "短剧&古装&悬疑&反转&穿越&总裁&言情&爽文&女恋&闪婚&都市&脑洞",
    "分类值": "*",
    "二次截取": "",
    "数组": "thumb lazyload\"&&</li>",
    "标题": "title=\"&&\"",
    "图片": "data-original=\"&&\"",
    "副标题": "✨+text-right\">&&</span>",
    "链接": "href=\"&&\"",
    "影片年代": "年份：&&</a>",
    "影片地区": "地区：&&</a>",
    "影片类型": "类型：&&</p>",
    "状态": "更新：&&</p>",
    "导演": "导演：&&</p>",
    "主演": "主演：&&</p>",
    "简介": "✨当当为您介绍剧情✨+col-pd\">&&</p>",
    "线路二次截取": "",
    "线路数组": "muted pull-right\">&&</div>",
    "线路标题": "୧⍤⃝🐯+>&&</h3>",
    "播放二次截取": "",
    "播放数组": "playlist clearfix\">&&</ul>",
    "播放列表": "<a&&/a>",
    "播放标题": "✨+>&&<",
    "播放链接": "href=\"&&\"",
    "解析": "",
    "直接播放": "0",
    "播放请求头": "",
    "嗅探词": ".mp4#.m3u8",
    "过滤词": "",
    "跳转播放链接": "var player_*url\":\"&&\"",
    "跳转解析": "",
    "搜索请求头": "User-Agent$MOBILE_UA",
    "搜索url": "https://www.ccttv1.cc/tag/page/{pg}/wd/{wd}/",
    "搜索模式": "1",
    "搜索后缀": "",
    "搜索二次截取": "",
    "搜索数组": "thumb lazyload\"&&</li>",
    "搜索标题": "title=\"&&\"",
    "搜索图片": "data-original=\"&&\"",
    "搜索副标题": "text-right\">&&</span>",
    "搜索链接": "href=\"&&\"",
    "筛选": "1",
    "类型": "",
    "剧情": "",
    "剧情值": "*",
    "地区": "",
    "地区值": "*",
    "年份": "",
    "年份值": "*"
}