{
    "作者": "乐哥/240905/",
    "站名": "freeOK追剧",
    "请求头": "User-Agent$MOBILE_UA",
    "编码": "UTF-8",
    "图片代理": "0",
    "直接播放": "0",
    "播放请求头": "",
    "嗅探词": "",
    "过滤词": "",
    "主页url": "https://www.jsard.com/vodtype/remenduanju.html",
    "首页": "120",
    "起始页": "1",
    "分类url": "https://www.jsard.com/vodshow/{cateId}/area/{area}/class/{class}/lang/{lang}/letter/{letter}/page/{catePg}/year/{year}.html;;mrcd0",
    "分类": "热门短剧$ remenduanju#爽文短剧$shuangwenduanju",
    "二次截取": "",
    "数组": "<a&&</div></div></a>",
    "标题": "title=\"&&\"",
    "图片": "data-original=\"&&\"",
    "副标题": "✨+item-note\">&&</div>",
    "链接": "href=\"&&\"",
    "导演": "导演：&&</div>",
    "主演": "主演：&&</div>",
    "简介": "✨当当为您介绍剧情✨+<p>&&</p>",
    "线路数组": "data-dropdown&&</div>",
    "线路标题": "✨୧⍤⃝🐯✨+>&&</span>+【共+<small>&&</+集】",
    "播放二次截取": "",
    "播放数组": "module-play-list-content&&</div>",
    "倒序": "0",
    "播放列表": "<a&&/a>",
    "播放标题": "✨+<span>&&<",
    "播放链接": "href=\"&&\"",
    "解析": "",
    "跳转播放链接": "Base64(var player_*url\":\"&&\")",
    "跳转解析": "",
    "搜索请求头": "User-Agent$MOBILE_UA",
    "搜索url": "https://www.jsard.com/vodsearch{wd1}/page/{pg}.html",
    "搜索后缀": "",
    "搜索二次截取": "",
    "搜索数组": "<a&&</div></div></a>",
    "搜索1标题": "title=\"&&\"",
    "搜索图片": "data-original=\"&&\"",
    "搜索副标题": "✨+item-note\">&&</div>",
    "搜索链接": "href=\"&&\"",
    "筛选": "1",
    
    "字母": "A&B&C&D&E&F&G&H&I&J&K&L&M&N&O&P&Q&R&S&T&U&V&W&X&Y&Z&0-9",
    "字母值": "*",
    "排序": "时间&人气&评分",
    "排序值": "time&hits&score"
}