[
      {
    "name": "推荐",
    "list": [
      {
        "name": "开源阅读",
        "url": "https://www.xn--rgv465a.top/apps/Legado-unsigned.hap",
        "icon": "https://www.xn--rgv465a.top/icon/RD.png",
        "version": "Beta250302"
      }
    ]
  },  {
    "name": "Android应用商店",
    "list": [
      {
        "name": "阅读",
        "url": "https://www.xn--rgv465a.top/apps/阅读 app 3.25.01021946 原包名.apk",
        "icon": "https://www.xn--rgv465a.top/icon/RD.png",
        "version": "Ver.3.25-0102"
      },
      {
        "name": "musicfree",
        "url": "https://www.xn--rgv465a.top/apps/musicfree0.5.0-app-arm64-v8a-release.apk",
        "icon": "https://www.xn--rgv465a.top/icon/mf.png",
        "version": "Ver.0.5.0"
      },
      {
        "name": "Fongmi影视",
        "url": "https://www.xn--rgv465a.top/apps/FM版3.0.0-leanback-python-arm64_v8a.apk",
        "icon": "https://www.xn--rgv465a.top/icon/ys.png",
        "version": "电视版3.0.0"
      },
      {
        "name": "Fongmi影视",
        "url": "https://www.xn--rgv465a.top/apps/FM版3.0.0-mobile-python-arm64_v8a.apk",
        "icon": "https://www.xn--rgv465a.top/icon/ys.png",
        "version": "手机版3.0.0"
      },
      {
        "name": "Fongmi影视",
        "url": "https://www.xn--rgv465a.top/apps/FM版3.0.0-电视端-海信版.apk",
        "icon": "https://www.xn--rgv465a.top/icon/ys.png",
        "version": "海信版3.0.0"
      },
      {
        "name": "OK影视Pro",
        "url": "https://www.xn--rgv465a.top/apps/OK影视Pro-电视版---3.3.0.apk",
        "icon": "https://www.xn--rgv465a.top/icon/ys.png",
        "version": "电视版3.3.0"
      },
      {
        "name": "OK影视Pro",
        "url": "https://www.xn--rgv465a.top/apps/OK影视Pro-手机版----3.3.0.apk",
        "icon": "https://www.xn--rgv465a.top/icon/ys.png",
        "version": "手机版3.3.0"
      },
      {
        "name": "OK影视",
        "url": "https://www.xn--rgv465a.top/apps/OK影视电视版_2.8.5（py）-64位.apk",
        "icon": "https://www.xn--rgv465a.top/icon/ys.png",
        "version": "电视版2.8.5"
      },
      {
        "name": "OK影视",
        "url": "https://www.xn--rgv465a.top/apps/OK影视手机版_2.8.5（py）-64位.apk",
        "icon": "https://www.xn--rgv465a.top/icon/ys.png",
        "version": "手机版2.8.5"
      },
      {
        "name": "OK影视",
        "url": "https://www.xn--rgv465a.top/apps/OK影视电视版_2.8.5（海信）.apk",
        "icon": "https://www.xn--rgv465a.top/icon/ys.png",
        "version": "电视版2.8.5海信版"
      },
      {
        "name": "OK影视",
        "url": "https://www.xn--rgv465a.top/apps/OK影视电视版_2.5.0（支持安卓4）-X5内核.apk",
        "icon": "https://www.xn--rgv465a.top/icon/ys.png",
        "version": "电视版2.5.0-安卓4"
      },
      {
        "name": "影视仓",
        "url": "https://www.xn--rgv465a.top/apps/影视仓电视版6.0.6.apk",
        "icon": "https://www.xn--rgv465a.top/icon/ysc.png",
        "version": "电视版6.0.6"
      },
      {
        "name": "影视仓",
        "url": "https://www.xn--rgv465a.top/apps/影视仓手机版3.0.7.1.apk",
        "icon": "https://www.xn--rgv465a.top/icon/ysc-yx.png",
        "version": "手机版3.0.7.1"
      },      {
        "name": "影视仓",
        "url": "https://www.xn--rgv465a.top/apps/影视仓_5.0.34.3_海信.apks",
        "icon": "https://www.xn--rgv465a.top/icon/ysc.png",
        "version": "电视版5.0.34.3海信版"
      },
      {
        "name": "影视仓",
        "url": "https://www.xn--rgv465a.top/apps/影视仓V3-3.0.32_支持安卓4.1.apk",
        "icon": "https://www.xn--rgv465a.top/icon/ysc.png",
        "version": "电视版3.0.32-安卓4.x版"
      },
      {
        "name": "影视仓",
        "url": "https://www.xn--rgv465a.top/apps/影视仓_2.0.35_短视频_opt.apk",
        "icon": "https://www.xn--rgv465a.top/icon/ysc-dsp.png",
        "version": "手机版2.0.35-短视频版"
      },
      {
        "name": "影视仓",
        "url": "https://www.xn--rgv465a.top/apps/影视仓_2.0.35-游戏版_opt.apk",
        "icon": "https://www.xn--rgv465a.top/icon/ysc-yx.png",
        "version": "手机版2.0.35-游戏版"
      },
      {
        "name": "影迷",
        "url": "https://www.xn--rgv465a.top/apps/影迷_2.5.2.apk",
        "icon": "https://www.xn--rgv465a.top/icon/yingmi.png",
        "version": "手机版2.5.2"
      },
      {
        "name": "宝盒",
        "url": "https://www.xn--rgv465a.top/apps/宝盒3.10.apk",
        "icon": "https://www.xn--rgv465a.top/icon/baohe.png",
        "version": "电视版3.10"
      },
      {
        "name": "EasyBox",
        "url": "https://www.xn--rgv465a.top/apps/EasyBox_1.3.9.3.apk",
        "icon": "https://www.xn--rgv465a.top/icon/easybox.png",
        "version": "手机版1.3.9.3"
      },
      {
        "name": "Tvbox",
        "url": "https://www.xn--rgv465a.top/apps/TVBox_q215613905_20250407-1108-python.apk",
        "icon": "https://www.xn--rgv465a.top/icon/tvboxq.png",
        "version": "Ver.20250407"
      },
      {
        "name": "Tvbox",
        "url": "https://www.xn--rgv465a.top/apps/TVBox_takagen99_20250320-1549-arm64-generic.apk",
        "icon": "https://www.xn--rgv465a.top/icon/tvboxt.png",
        "version": "Ver.20250320"
      },
      {
        "name": "DIYP",
        "url": "https://www.xn--rgv465a.top/apps/DIYP影音0606台标集成正式版.apk",
        "icon": "https://www.xn--rgv465a.top/icon/diyp.png",
        "version": " "
      },
      {
        "name": "Catbox",
        "url": "https://www.xn--rgv465a.top/apps/CatBox_v20240201_0751.apk",
        "icon": "https://www.xn--rgv465a.top/icon/catbox.png",
        "version": "Ver.240201"
      },
      {
        "name": "派大星直播",
        "url": "https://www.xn--rgv465a.top/apps/派大星直播_1.0.6_.apk",
        "icon": "https://www.xn--rgv465a.top/icon/pdx.png",
        "version": "Ver.1.0.6"
      },
      {
        "name": "1DM+",
        "url": "https://www.xn--rgv465a.top/apps/1DM+_16.0.1.apk",
        "icon": "https://www.xn--rgv465a.top/icon/1dm.png",
        "version": "Ver.16.0.1"
      },
      {
        "name": "甲壳虫ADB助手",
        "url": "https://www.xn--rgv465a.top/apps/jkcadb1.3.1.apk",
        "icon": "https://www.xn--rgv465a.top/icon/jkc.png",
        "version": "Ver.1.3.1"
      },
      {
        "name": "文件管理器+",
        "url": "https://www.xn--rgv465a.top/apps/文件管理器+v3.4.0_build_2103040-Mod.apk",
        "icon": "https://www.xn--rgv465a.top/icon/file.png",
        "version": "手机版Ver.3.4.0"
      },
      {
        "name": "小白文件管理器",
        "url": "https://www.xn--rgv465a.top/apps/xiaobaifile.tv.apk",
        "icon": "https://www.xn--rgv465a.top/icon/xiaobai.png",
        "version": "TV版"
      },
      {
        "name": "SingBox",
        "url": "https://www.xn--rgv465a.top/apps/SingBox-1.8.8-arm64-v8a.apk",
        "icon": "https://www.xn--rgv465a.top/icon/singbox.png",
        "version": "手机版1.8.8"
      },
      {
        "name": "Telegram",
        "url": "https://www.xn--rgv465a.top/apps/Telegram.apk",
        "icon": "https://www.xn--rgv465a.top/icon/Telegram.png",
        "version": "手机版11.8.2"
      },
      {
        "name": "Clash",
        "url": "https://www.xn--rgv465a.top/apps/cfa-2.5.12-premium-universal-release.apk",
        "icon": "https://www.xn--rgv465a.top/icon/clash.png",
        "version": "手机版2.5.12"
      },
      {
        "name": "Clash",
        "url": "https://www.xn--rgv465a.top/apps/clash_v3.0.3.premium.apk",
        "icon": "https://www.xn--rgv465a.top/icon/clash.png",
        "version": "手机版3.0.3"
      },
      {
        "name": "阿里云盘",
        "url": "https://www.xn--rgv465a.top/apps/阿里云盘旧版本.apk",
        "icon": "https://www.xn--rgv465a.top/icon/alyp.png",
        "version": "可一键获取token"
      },
      {
        "name": "APKtool M",
        "url": "https://www.xn--rgv465a.top/apps/Apktool_M_v2.4.0-250315(2025031501).apk",
        "icon": "https://www.xn--rgv465a.top/icon/apktoolm.png",
        "version": "Ver.2.4.0-250315"
      },
      {
        "name": "404",
        "url": "",
        "icon": "https://www.xn--rgv465a.top/icon/404.png",
        "version": ""
      }
    ]
  },
    {
    "name": "HarmonyOS应用商店",
    "list": [
      {
        "name": "开源阅读",
        "url": "https://www.xn--rgv465a.top/apps/Legado-unsigned.hap",
        "icon": "https://www.xn--rgv465a.top/icon/RD.png",
        "version": "Beta250302"
      }
    ]
  },
    {
    "name": "apple应用商店",
    "list": [
      {
        "name": "TVBox",
        "url": "https://www.xn--rgv465a.top/apps/TVBox-1.0.5.ipa",
        "icon": "https://www.xn--rgv465a.top/icon/tvboxq.png",
        "version": "Ver.1.0.5"
      }
    ]
  },
    {
    "name": "Windows应用商店",
    "list": [
      {
        "name": "zyfun",
        "url": "https://www.xn--rgv465a.top/apps/zyfun-win-3.3.10-x64.exe",
        "icon": "https://www.xn--rgv465a.top/icon/zyfun.png",
        "version": "Ver.3.3.10"
      },
      {
        "name": "zyplayer",
        "url": "https://www.xn--rgv465a.top/apps/zyplayer-win-3.3.0-x64.exe",
        "icon": "https://www.xn--rgv465a.top/icon/zyplayer.png",
        "version": "Ver.3.3.0"
      },
      {
        "name": "musicfree",
        "url": "https://www.xn--rgv465a.top/apps/MusicFree-0.0.6-win32-x64-setup.exe",
        "icon": "https://www.xn--rgv465a.top/icon/mf.png",
        "version": "Ver.0.0.6"
      }
    ]
  },
  {
    "name": "文档教程",
    "list": [
      {
        "name": "无界接口可用情况测试",
        "url": "https://www.xn--rgv465a.top/text/course/无界接口可用情况测试.xlsx",
        "icon": "https://www.xn--rgv465a.top/icon/excel.png",
        "version": "excel"
      }, 
      {
        "name": "HarmonyOS next 5.0使用无界接口教程",
        "url": "https://www.xn--rgv465a.top/text/course/HarmonyOS next 5.0使用无界接口教程.docx",
        "icon": "https://www.xn--rgv465a.top/icon/word.png",
        "version": "word"
      }, 
      {
        "name": "zyplayer配置教程",
        "url": "https://www.xn--rgv465a.top/text/course/zyplayer配置教程.docx",
        "icon": "https://www.xn--rgv465a.top/icon/word.png",
        "version": "word"
      }, 
      {
        "name": "无界阅读书源订阅使用教程",
        "url": "https://www.xn--rgv465a.top/text/course/无界阅读书源订阅使用教程.pdf",
        "icon": "https://www.xn--rgv465a.top/icon/pdf.png",
        "version": "pdf"
      }, 
      {
        "name": "电视盒子投影安装第三方应用方法",
        "url": "https://www.xn--rgv465a.top/text/course/常见品牌电视、盒子、投影安装第三方应用的方法.docx",
        "icon": "https://www.xn--rgv465a.top/icon/word.png",
        "version": "word"
      }, 
      {
        "name": "源.接口.线路.单仓.多仓科普",
        "url": "https://www.xn--rgv465a.top/6GVNtw/text/course/一图读懂什么是源、接口、线路、直播源、点播源、仓库、单仓、多仓.docx",
        "icon": "https://www.xn--rgv465a.top/icon/word.png",
        "version": "word"
      }, 
      {
        "name": "多线直播切换方法",
        "url": "https://www.xn--rgv465a.top/text/course/多线直播切换方法.docx",
        "icon": "https://www.xn--rgv465a.top/icon/word.png",
        "version": "word"
      }, 
      {
        "name": "本地包使用教程",
        "url": "https://www.xn--rgv465a.top/text/course/本地包使用教程.docx",
        "icon": "https://www.xn--rgv465a.top/icon/word.png",
        "version": "word"
      }
    ]
  }


]