{
    "作者": "乐哥/241106/",
    "站名": "NUU短剧",
    "请求头": "User-Agent@Mozilla/5.0 (Linux；； Android 12；； PEHM00 Build/SKQ1.210216.001；； wv) AppleWebKit/537.36 (KHTML, like Gecko) Version/4.0 Chrome/131.0.6778.41 Mobile Safari/537.36",
    "编码": "UTF-8",
    "图片代理": "",
    "直接播放": "0",
    "播放请求头": "",
    "主页url": "https://nuu.su/x/id/5.html",
    "首页": "120",
    "起始页": "1",
    "分类url": "https://nuu.su/x/id/{cateId}/page/{catePg}.html",
    "分类": "古装$501#现代$502#爱情$503#逆袭$504#悬疑$505#重生$506#穿越$507#萌宝$508#其他$509",
    "数组": "/v/&&</a>",
    "标题": "title=\"&&\"",
    "图片": "data-original=\"&&\"",
    "副标题": "✨+item-note\">&&<",
    "链接": "/v/+&&\"",
    "线路数组": "data-dropdown&&</div>",
    "线路标题": "✨୧⍤⃝🐯✨+<span>&&<+【共+<small>&&</+集】",
    "播放数组": "play-list-content&&</div>",
    "播放列表": "<a&&a>",
    "播放链接": "href=\"&&\"",
    "播放标题": "✨+>&&</",
    "跳转播放链接": "var player_*\"url\":\"&&\"",
    "搜索模式": "1",
    "搜索url": "https://nuu.su/s/page/{pg}/wd/{wd}.html",
    "搜索数组": "module-item\">&&</a>",
    "搜索标题": "alt=\"&&\"",
    "搜索图片": "data-original=\"&&\"",
    "搜索副标题": "✨+item-note\">&&<",
    "搜索链接": "href=\"&&\""
}