{
    "作者": "小可乐/240701/第一版",
    "站名": "PTT视频",
    "请求头": "User-Agent$MOBILE_UA",
    "编码": "UTF-8",
    "图片代理": "0",
    "直接播放": "0",
    "播放请求头": "",
    "嗅探词": ".mp4#.m3u8",
    "过滤词": "",
    "主页url": "https://ptt.red/zh-hans/p/66",
    "首页": "120",
    "起始页": "1",
    "分类url": "/zh-hans/p/{cateId}{class}?page={catePg}&{area}&{year}&{by};;mrc",
    "分类": "爽剧$66/c/67#言情$66/c/68#穿越$66/c/70#悬疑$66/c/71#古装$66/c/73#都市$66/c/80#甜宠$66/c/84#恋爱$66/c/85#其他$66/c/74",
    "二次截取": "",
    "数组": "card\">&&/span>",
    "标题": "alt=\"&&\"",
    "图片": "src=\"&&\"",
    "副标题": "badge-success\">&&<",
    "链接": "href=\"&&\"[替换:/v>>空]+/1",
    "影片年代": "year\":&&,",
    "影片地区": "_area\":\"&&\"",
    "影片类型": "\"type\":\"&&\"",
    "状态": "note\":\"&&\"",
    "导演": "director\":\"&&\"",
    "主演": "actors\":\"&&\"",
    "简介": "✨当当为您介绍剧情✨+description\":\"&&\"",
    "线路数组": "px-2 nav-link&&/a>[排序:臥龍]",
    "线路标题": "✨୧⍤⃝🐯✨+title=\"&&\"",
    "多线数组": "px-2 nav-link&&/a>",
    "多线链接": "href=\"&&\"",
    "播放二次截取": "nav-tabs&&<table[替换:px-2 nav-link active>>mb-2 fullwidth\"><a>第1集<#nofollow\">>>/a></div>]",
    "播放数组": "mb-2 fullwidth\">&&</div>",
    "倒序": "0",
    "播放列表": "<a&&/a>",
    "播放标题": "✨+>&&<",
    "播放链接": "href=\"&&\"",
    "跳转播放链接": "contentUrl\":\"&&\"",
    "搜索请求头": "User-Agent$MOBILE_UA",
    "搜索url": "/zh-hans/q/{wd}?page={pg}",
    "搜索模式": "1",
    "搜索数组": "card\">&&/span>",
    "搜索标题": "alt=\"&&\"",
    "搜索图片": "src=\"&&\"",
    "搜索副标题": "badge-success\">&&<",
    "搜索链接": "href=\"&&\"[替换:/v>>空]+/1"
}