{
    "作者": "乐哥241119",
    "站名": "一个g",
    "请求头": "User-Agent$MOBILE_UA",
    "编码": "UTF-8",
    "图片代理": "0",
    "发布页": "https://yigeg.com",
    "主页url": "https://www.ygg01.com/vodtype/5.html",
    "首页": "120",
    "起始页": "1",
    "分类url": "https://www.ygg01.com/vodshow/5---{cateId}-----{catePg}---.html",
    "分类": "逆袭&穿越&重生&都市&现代&言情&古装&脑洞&玄幻",
    "分类值": "*",
    "数组": "/voddetail/&&</a>",
    "标题": "title=\"&&\"",
    "图片": "data-original=\"&&\"",
    "副标题": "note\">&&<",
    "链接": "/voddetail/+&&\"",
    "影片年代": "-----------*.html\">&&</a>",
    "影片地区": "-*----------.html\">&&</a>",
    "影片类型": "---*--------.html\">&&</a>",
    "状态": "更新：&&</div>",
    "导演": "导演：&&</div>",
    "主演": "主演：&&</div>",
   "简介": "✨当当为您介绍剧情✨+line-height: 20px;\">&&</p>",
    
    "线路数组": "data-dropdown&&</div>",
   "线路标题": "✨୧⍤⃝🐯✨+>&&</span>+【共+<small>&&<+集】",
    "播放二次截取": "",
    "播放数组": "list-base&&</div>",
    "播放列表": "<a&&/a>",
    "播放标题": "✨+<span>&&<",
    "播放链接": "href=\"&&\"",
    "解析": "",
    "直接播放": "0",
    "播放请求头": "",
    "嗅探词": ".mp4#.m3u8",
    "过滤词": "",
    "跳转播放链接": "var player_*url\":\"&&\"",
    "跳转解析": "",
    "搜索请求头": "User-Agent$MOBILE_UA",
    "搜索url": "https://www.ygg01.com/vodsearch/{wd}----------{pg}---.html",
    "搜索模式": "1",
    "搜索后缀": "",
    "搜索二次截取": "",
    "搜索数组": "item-class\">&&</a>",
    "搜索标题": "alt=\"&&\"",
    "搜索图片": "data-original=\"&&\"",
    "搜索副标题": "note\">&&<",
    "搜索链接": "href=\"&&\"",
    "筛选": "1",
    "字母": "A&B&C&D&E&F&G&H&I&J&K&L&M&N&O&P&Q&R&S&T&U&V&W&X&Y&Z&0-9",
    "字母值": "A&B&C&D&E&F&G&H&I&J&K&L&M&N&O&P&Q&R&S&T&U&V&W&X&Y&Z&0-9",
    "排序": "时间&人气&评分",
    "排序值": "time&hits&score"
}