{
    "主页url": "https://v.zrxgnxddxw.com/ddlt/30.html",
    "数组": "part-2by3&&</li",
    "嗅探词": ".m3u8#.mp4",
    "图片": "data-original=\"&&\"",
    "标题": "html\">&&</a",
    "副标题": "✨+text-center\">&&</span>",
    "链接": "href=\"&&\"",
    "简介": "✨当当为您介绍剧情✨-+qqmt5-matp-v\">&&</div>",
    "线路二次截取": "<dt class=\"tabt3\">&&</dt><dd",
    "线路数组": "<span&&</span>",
    "线路标题": "✨+png\">&&<+【共+margin-left: 5px;  \">&&</+】",
    "播放链接": "href=\"&&\"",
    "播放标题": "✨୧⍤⃝🐯✨+title=\"&&\"",
    "跳转播放链接": "var now=\"&&\"",
    "倒序": "1",
    "搜索url": "https://v.zrxgnxddxw.com/search.php?page={pg}&searchword={wd}&searchtype=",
    "分类": "乡村&都市&搞笑&恐怖&宫廷&剧情&言情&家庭&年代&悬疑&古装&热血",
    "分类值": "*",
    "分类url": "https://v.zrxgnxddxw.com/search.php?page={catePg}&searchtype=5&tid=30&jq={cateId}&area={area}&year={year}",
    "筛选": "1",
    "字母": "A&B&C&D&E&F&G&H&I&J&K&L&M&N&O&P&Q&R&S&T&U&V&W&X&Y&Z&0-9",
    "字母值": "*",
    "排序": "时间&人气&评分",
    "排序值": "time&hits&score"
}