{
    "作者": "乐哥20241020",
    "站名": "七味网-短剧",
    "编码": "UTF-8",
    "发布地址": "https://www.qn63.com/",
    "请求头": "User-Agent$Mozilla/5.0 (Windows NT 10.0; Win64: x64) AppleWebKit/537.36 (KHTML, like Gecko) Chrome/105.0.0.0 Safari/537.36",
    "主页url": "https://www.qwnull.com/vt/30.html",
    "首页": "70",
    "起始页": "1",
    "分类url": "https://www.qwnull.com/ms/30---{cateId}-----{catePg}---.html",
    "分类": "短剧&古装&虐恋&逆袭&悬疑&重生&反转&穿越&总裁&甜宠&言情&爽文&女恋&闪婚&离婚&都市&脑洞&仙侠&民国",
    "剧情值": "*",
    "二次截取": "pic-list clearfix\">&&</ul>",
    "数组": "<li>&&</a>",
    "图片": "src=\"&&\"",
    "标题": "title=\"&&\"",
    "副标题": "✨+</i>&&<",
    "链接": "href=\"&&\"",
    "影片年代": "year\">(&&)</span>",
    "影片地区": "地区：</span>&&</div>",
    "影片类型": "类型：</span>&&</div>",
    "状态": "otherbox\">*<em>&&</em>",
    "导演": "导演：</span>&&</div>",
    "主演": "主演：</span>&&</div>",
    "线路数组": "player\">&&</ul>",
    "线路标题": "୧⍤⃝🐯七味线路",
    "播放数组": "<ul class=\"player&&</ul>",
    "播放列表": "<li>&&</li>",
    "播放标题": "✨+>&&</a>",
    "播放链接": "href=\"&&\"",
    "跳转播放链接": "urlDecode(var player_*\"url\":\"&&\")",
    "搜索url": "/index.php/ajax/suggest?mid=1&wd={wd}&page={pg}&limit=30",
    "搜索模式": "1",
    "搜索二次截取": "",
    "搜索数组": "list",
    "搜索标题": "name",
    "搜索图片": "pic",
    "搜索副标题": "en",
    "搜索链接": "'/mv/'+id+'.html'"
}