{
    "作者": "乐哥/241120/",
    "站名": "唐人街影院",
    "请求头": "User-Agent$MOBILE_UA",
    "编码": "UTF-8",
    "图片代理": "0",
    "直接播放": "0",
    "播放请求头": "",
    "主页url": "https://www.trjvod.com/index.php/vod/show/id/53.html",
    "首页": "120",
    "起始页": "1",
    "分类url": "https://www.trjvod.com/index.php/vod/show/id/{cateId}/page/{catePg}.html",
    "分类": "反转爽剧$61#女频恋爱$62#古装仙侠$63#年代穿越$64#脑洞悬疑$65#现代都市$66",
    "数组": "默认--lazyload\"&&</a>||搜索--lazyload\"&&</a>",
    "标题": "title=\"&&\"",
    "图片": "data-original=\"&&\"",
    "副标题": "right\">&&<",
    "链接": "href=\"&&\"",
    "影片年代": "年份：&&</p>",
    "影片地区": "地区：&&</a>",
    "影片类型": "分类：&&</a>",
    "状态": "更新：&&</p>",
    "导演": "✨+导演：&&</p>",
    "主演": "✨+主演：&&</p",
    "简介": "✨当当为您介绍剧情✨+简介：&&</div>",
    "线路二次截取": "play_source_tab&&</div>",
    "线路数组": "<a&&</a>",
    "线路标题": "✨୧⍤⃝🐯✨+</i>&&<",
    "播放二次截取": "",
    "播放数组": "content_playlist&&</ul>",
    "倒序": "0",
    "播放列表": "<a&&/a>",
    "播放标题": "✨+>&&<",
    "播放链接": "href=\"&&\"",
    "解析": "",
    "跳转播放链接": "urlDecode(var player_*\"url\":\"&&\")",
    "跳转解析": "",
    "搜索请求头": "User-Agent$MOBILE_UA",
    "搜索url": "/index.php/vod/search/page/{pg}/wd/{wd}.html"
}