{
    "请求头": "User-Agent$MOBILE_UA",
    "编码": "UTF-8",
    "主页url": "https://m.82mao.com/List1/53.html",
    "二次截取": "<ul id=\"movielist\" class=\"channel-list\">&&</ul>",
    "数组": "<li>&&</li>",
    "图片": "< img src=\"&&\"",
    "标题": "<h3>&&</h3>",
    "链接": "href=\"&&\"",
    "副标题": "<span>&&</span>",
    "线路数组": "clearfix tab-item\">&&</ul>",
    "线路标题": "✨୧⍤⃝🐯✨+</i>&&</",
    "播放数组": "series-list clearfix&&</ul>",
    "播放列表": "<a&&a>",
    "播放链接": "href=\"&&\"",
    "播放标题": "✨+>&&</",
    "简介": "✨当当为您介绍剧情✨+<p>&&</p>",
    "搜索url": "https://m.82mao.com/Search/{wd}----------{pg}---.html",
    "分类": "短剧&古装&悬疑&反转&穿越&爽文&都市",
    "分类值": "*",
    "分类url": "https://m.82mao.com/List/53---{cateId}-----{catePg}---.html"
}