{
    "作者": "乐哥/240830/第一版",
    "站名": "奇优影视",
    "请求头": "User-Agent$MOBILE_UA",
    "编码": "UTF-8",
    "图片代理": "0",
    "直接播放": "0",
    "播放请求头": "",
    "嗅探词": ".mp4#.m3u8#.flv",
    "过滤词": "",
    "主页url": "http://www.dgshijsbj.com/type/36.html",
    "首页": "120",
    "起始页": "1",
    "分类url": "http://www.dgshijsbj.com/show/{cateId}--------{catePg}---.html;;mrc",
    "分类": "爽文短剧$37#女频恋爱$38#反转爽剧$39#古装仙侠$40#年代穿越$41#脑洞悬疑$42#现代都市$43",
    "二次截取": "",
    "数组": "lazyload\"&&</li>",
    "标题": "title=\"&&\"",
    "图片": "data-original=\"&&\"",
    "副标题": "✨+<p class=\"text\">&&</p>",
    "链接": "href=\"&&\"",
    "状态": "更新：&&</p>",
    "导演": "✨+导演：&&</p>",
    "主演": "✨+主演：&&</p>",
    "简介": "✨当当为您介绍剧情✨+影片讲述：&&>",
    "线路二次截取": "",
    "线路数组": "panel-hd\"><h3&&/h3>",
    "线路标题": "✨୧⍤⃝🐯✨+>&&<",
    "播放二次截取": "",
    "播放数组": "sort-list playlist\">&&</ul>",
    "倒序": "0",
    "播放列表": "<a&&/a>",
    "播放标题": "✨+>&&<",
    "播放链接": "href=\"&&\"",
    "解析": "",
    "跳转播放链接": "var player_*\"url\":\"&&\"",
    "跳转解析": "",
    "搜索请求头": "User-Agent$MOBILE_UA",
    "搜索url": "http://www.dgshijsbj.com/search/{wd}----------{pg}---.html",
    "搜索模式": "1",
    "搜索后缀": "",
    "搜索二次截取": "",
    "搜索数组": "lazyload\"&&</li>",
    "搜索标题": "title=\"&&\"",
    "搜索图片": "data-original=\"&&\"",
    "搜索副标题": "✨+<p class=\"text\">&&</p>",
    "搜索链接": "href=\"&&\"",
    "筛选": "1",
    "年份": "2025&2024&2023&2022&2021&2020&2019&2018&2017&2016&2015&2014&2013&2012&2011&2010",
    "年份值": "*",
    "字母": "A&B&C&D&E&F&G&H&I&J&K&L&M&N&O&P&Q&R&S&T&U&V&W&X&Y&Z&0-9",
    "字母值": "*",
    "排序": "时间&人气&评分",
    "排序值": "time&hits&score"
}