{
    "作者": "集多/240926/第二版",
    "站名": "安迪影视网",
    "请求头": "User-Agent$MOBILE_UA",
    "编码": "UTF-8",
    "图片代理": "0",
    "直接播放": "0",
    "播放请求头": "",
    "嗅探词": "",
    "过滤词": "",
    "首页": "120",
    "起始页": "1",
    "主页url": "https://www.andy666.com/andytype/18.html",
    "数组": "lazyload&&</a>",
    "标题": "title=\"&&\"",
    "图片": "data-original=\"&&\"",
    "副标题": "✨-+pic-text text-right\">&&</",
    "链接": "href=\"&&\"",
    "简介": "✨当当为您介绍剧情✨+col-pd\">&&</p>",
    "线路数组": " pull-right&&</div>",
    "线路标题": "✨୧⍤⃝🐯✨+title\">&&</h3>",
    "播放数组": "stui-content__playlist clearfix&&</ul>",
    "播放列表": "<a&&a>[不包含:🎁美女直播]",
    "播放标题": " ✨+>&&</",
    "播放链接": "href=\"&&\"",
    "解析": "",
    "跳转播放链接": "",
    "跳转解析": "",
    "搜索url": "https://www.andy666.com/vodsearch/-------------.html?wd={wd}",
    "搜索模式": "1",
    "搜索后缀": "",
    "搜索二次截取": "",
    "搜索副标题": "✨୧⍤⃝🐯✨",
    "分类url": "https://www.andy666.com/andytype-{cateId}-{area}--{class}-{lang}-{letter}---{catePg}---{year}.html",
    "分类": "网络短剧$18#女频恋爱$19#反转爽剧$20#脑洞悬疑$21#年代穿越$22#古装仙侠$23#现代都市$24"
}