{
    "作者": "乐哥/240910/",
    "站名": "微云TV",
    "请求头": "User-Agent$MOBILE_UA",
    "编码": "UTF-8",
    "图片代理": "0",
    "直接播放": "0",
    "播放请求头": "",
    "嗅探词": "",
    "过滤词": "",
    "主页url": "https://www.weiyuntv.com/Type/duanju.html",
    "首页": "120",
    "起始页": "1",
    "分类url": "https://www.weiyuntv.com/vodshow/{cateId}-{area}-{by}---{letter}---{catePg}---{year}.html",
    "分类": "短剧$duanju#女频❤️恋爱$nvpin#强者❤️逆袭$nixi#古装❤️仙侠$xianxia#重生❤️穿越$chuanyue#现代❤️都市$dushi#脑洞❤️悬疑$naodongxuanyi",
    "二次截取": "",
    "数组": "hl-lazy&&</a>",
    "标题": "title=\"&&\"",
    "图片": "data-original=\"&&\"",
    "副标题": "✨+remarks\">&&<",
    "链接": "href=\"&&\"",
    "影片年代": "年份：&&</li>",
    "影片地区": "地区：&&</li>",
    "影片类型": "类型：&&</li>",
    "状态": "状态：&&</li>",
    "导演": "✨+导演：&&</li>",
    "主演": "✨+主演：&&</li>",
    "简介": "✨当当为您介绍剧情✨+简介：&&</li>",
    "线路二次截取": "",
    "线路数组": "hl-tabs-btn&&</a>",
    "线路标题": "୧⍤⃝🐯+alt=\"&&\"",
    "播放二次截取": "",
    "播放数组": "id=\"hl-plays-list\">&&<div",
    "倒序": "0",
    "播放列表": "<a&&/a>",
    "播放标题": "✨+>&&<",
    "播放链接": "href=\"&&\"",
    "解析": "",
    "跳转播放链接": "var player_*\"url\":\"&&\"",
    "跳转解析": "",
    "搜索请求头": "User-Agent$MOBILE_UA",
    "搜索url": "https://www.weiyuntv.com/vodsearch/{wd}----------{pg}---.html",
    "搜索后缀": "",
    "搜索二次截取": "",
    "搜索数组": "hl-lazy&&</a>",
    "搜索标题": "title=\"&&\"",
    "搜索图片": "data-original=\"&&\"",
    "搜索副标题": "✨+remarks\">&&<",
    "搜索链接": "href=\"&&\"",
    "筛选": "1",
     
    "地区": "内地&港台&日韩&欧美",
    "地区值": "*",
    "字母": "A&B&C&D&E&F&G&H&I&J&K&L&M&N&O&P&Q&R&S&T&U&V&W&X&Y&Z&0-9",
    "字母值": "*",
    "排序": "时间&人气&评分",
    "排序值": "time&hits&score"
}