{
    "作者": "🐰兔爷🐇",
    "站名": "理理短剧",
    "编码": "UTF-8",
    "请求头": "User-Agent$MOBILE_UA",
    "主页url": "https://www.liic.cc/vodtype/5.html",
    "首页": "100",
    "起始页": "1",
    "分类url": "/vodshow/5-{area}-{by}-{cateId}-{lang}-{letter}---{catePg}---{year}.html",
    "分类": "短剧&古装&虐恋&逆袭&悬疑&神豪&重生&反转&复仇&穿越&总裁&甜宠&强者&言情&爽文&女恋&闪婚&都市&脑洞&仙侠",
    "分类值": "*",
    "二次截取": "module-list\"&&id=\"page",
    "数组": "module-item-pic&&module-item\"[替换:module-footer>>module-item]",
    "图片": "data-src=\"&&\"",
    "标题": "title=\"&&\"",
    "副标题": "✨+module-item-text\">&&<",
    "链接": "href=\"&&\" title",
    "影片年代": "-----------*.html\">&&</a",
    "影片地区": "-*----------.html\">&&</a",
    "影片类型": "---*--------.html\">&&</div",
    "状态": "集数：&&</div",
    "导演": "导演：&&</div",
    "主演": "主演：&&</div",
    "简介": "✨当当为您介绍剧情-+vod_content\">&&</span",
    "线路数组": "module-tab-item tab-item&&</div",
    "线路标题": "✨୧⍤⃝🐯✨+span>&&</span",
    "播放数组": "<div class=\"module-blocklist\"&&</div",
    "播放列表": "<a&&</a",
    "播放标题": "span>&&</span",
    "播放链接": "href=\"&&\"",
    "跳转播放链接": "var player_*\"url\":\"&&\"",
    "搜索url": "/vodsearch/{wd}----------{pg}---.html",
    "搜索模式": "1",
    "搜索数组": "lazy lazyload\"&&/a>",
    "搜索图片": "data-src=\"&&\"",
    "搜索标题": "title=\"&&\"",
    "搜索副标题": "title=\"*\">&&<",
    "搜索链接": "href=\"&&\"",
    "筛选": "1",
    "地区": "大陆&大陆",
    "地区值": "*",
    "语言": "国语&国语",
    "语言值": "*",
    "排序": "时间排序&人气排序&评分排序",
    "排序值": "time&hits&score"
}