{
    "作者": "乐哥/250108",
    "站名": "电影100影视",
    "请求头": "User-Agent$MOBILE_UA",
    "发布页": "https://www.dianying100.online/",
    "编码": "UTF-8",
    "图片代理": "0",
    "直接播放": "0",
    "播放请求头": "",
    "嗅探词": ".mp4#.m3u8#.flv",
    "过滤词": "",
    "主页url": "https://www.dianying102.xyz/index.php/vod/show/id/36.html",
    "首页": "120",
    "起始页": "1",
    "分类url": "https://www.dianying102.xyz/index.php/vod/show/class/{cateId}/id/36/page/{catePg}.html;;mrc",
    "分类": "短剧&女频恋爱&古装仙侠&年代穿越&脑洞悬疑&现代都市",
    "分类值": "*",
    "二次截取": "vodlist clearfix&&</ul>",
    "数组": "lazyload\"&&/li>",
    "标题": "title=\"&&\"",
    "图片": "data-original=\"&&\"",
    "副标题": "<h4*title=\"&&\"",
    "链接": "href=\"&&\"[替换:play>>detail#.html?sid=1&amp;nid=1>>.html]",
    "简介": "✨当当提醒您👉[请不要相信视频中的广告，以免上当受骗！]",
    "线路数组": "\\#playlist&&</li>",
    "线路标题": "୧⍤⃝🐯+>&&<",
    "播放二次截取": "",
    "播放数组": "list sort-list clearfix&&</ul>",
    "播放列表": "<a&&/a>",
    "播放标题": "✨+>&&<",
    "播放链接": "href=\"&&\"",
    "跳转播放链接": "var player_*\"url\":\"&&\"",
    "搜索请求头": "User-Agent$MOBILE_UA",
    "搜索url": "https://www.dianying102.xyz/index.php/new_search/search/wd/{wd}/page/{pg}.html?wd={wd}"
}