{
    "作者": "集多师傅小可乐提供/2409/第一版",
    "站名": "影视大全",
    "请求头": "User-Agent$MOBILE_UA",
    "编码": "UTF-8",
    "图片代理": "0",
    "主页url": "https://www.sdsrty.com/index.php/vod/type/id/41.html",
    "首页": "120",
    "起始页": "1",
   
    "分类url": "https://www.sdsrty.com/index.php/vod/type/by/{by}/{cateId}/page/{catePg}/year/{year}.html;;mrcd0",
    "分类": "都市&古装&恋爱&穿越&剧情",
    "分类值": "class/都市/id/41&class/古装/id/41&class/恋爱/id/41&class/穿越/id/41&class/剧情/id/41",

    "数组": "\"item\">&&</a>",
    "标题": "alt=\"&&\"",
    "图片": "data-original=\"&&\"",
    "副标题": "✨-+state\">&&</span>",
    "链接": "href=\"&&\"",
    "影片年代": "更新：&&-",
    "影片地区": "地区：&&</p>",
    "影片类型": "类型：&&</p>",
    "状态": "集数：&&</p>",
    "导演": "导演：&&</p>",
    "主演": "主演：&&</p>",
    "简介": "当当为您介绍剧情🪐+简介：&&</p>",
    "线路数组": "tab-nav&&/a>",
    "线路标题": "୧⍤⃝🐯+>&&<",
    "播放数组": "episodes-list&&</ul>",
    "播放列表": "<a&&/a>",
    "播放标题": ">&&<",
    "播放链接": "href=\"&&\"",
    "直接播放": "0",
    "嗅探词": ".mp4#.m3u8",
    "跳转播放链接": "urlDecode(var player_*url\":\"&&\")",
    "搜索请求头": "User-Agent$MOBILE_UA",
    "搜索url": "/index.php/ajax/suggest?mid=1&wd={wd}&page={pg}&limit=30",
    "搜索模式": "1",
    "搜索数组": "list",
    "搜索标题": "name",
    "搜索图片": "pic",
    "搜索副标题": "✨-+en",
    "搜索链接": "'/index.php/vod/detail/id/'+id+'.html'",
    "筛选": "1",
"年份": "2010-2024",
    "年份值": "*",
    
    "排序": "时间&人气&评分",
    "排序值": "time&hits&score"

}