{
    "请求头": "User-Agent$MOBILE_UA",
    "编码": "UTF-8",
    "主页url": "http://www.metaysw.com",
    "数组": "lazyload\"&&</li>",
    "标题": "<a href*>&&</a>",
    "图片": "data-original=\"&&\"",
    "副标题": "✨୧⍤⃝🐯✨",
    "链接": "href=\"&&\"",
    "线路二次截取": "dropdown-menu\">&&</ul>",
    "线路数组": "<li&&</li>",
    "线路标题": "✨୧⍤⃝🐯✨+\">&&</a",
    "播放数组": "playlist clearfix&&</ul>",
    "播放列表": "<a&&a>",
    "播放链接": "href=\"&&\"",
    "播放标题": "✨+>&&</",
    "跳转播放链接": "urlDecode(var player_*\"url\":\"&&\")",
    "搜索模式": "1",
    "搜索url": "/index.php/ajax/suggest?mid=1&wd={wd}&page={pg}&limit=30",
    "搜索数组": "list",
    "搜索标题": "name\":\"&&\"",
    "搜索图片": "pic",
    "搜索副标题": "en\":\"&&\"",
    "搜索链接": "'/vod/hd-'+en+'.html'",
    "分类": "✨୧⍤⃝🐯✨$lianxuju",
    "分类url": "http://www.metaysw.com/type/{cateId}-{catePg}.html"
}