{
"作者": "小可乐/2409/第一版",
"站名": "稀饭短剧",
"请求头": "User-Agent$MOBILE_UA",
"编码": "UTF-8",
"图片代理": "0",

"主页url": "https://app.4kwo.com/api.php/provide/home_data?id=96",
"首页": "120",
"起始页": "1",
"分类url": "/api.php/provide/vod_list?id=96&type={cateId}&area=&year={year}&order={by}&page={catePg};;mrcd0",
"分类": "女频恋爱&反转爽剧&古装仙侠&年代穿越&脑洞悬疑&现代都市",
"分类值": "*",

"二次截取": "默认--空||首页--hotvideo&&msg\":\\[",
"数组": "{&&}",
"标题": "name\":\"&&\"",
"图片": "img\":\"&&\"",
"副标题": "qingxidu\":\"&&\"",
"链接": "/api.php/provide/vod_detail?ac=vod_detail&id=+id\":&&,",

"影片年代": "msg\":\"&&\"",
"影片地区": "vod_area\":\"&&\"",
"影片类型": "type\":\"&&\"",
"状态": "remarks\":\"&&\"",
"导演": "director\":\"&&\"",
"主演": "actor\":\"&&\"",
"简介": "\"info\":\"&&\"",

"线路数组": "show\":&&,",
"线路标题": "✨୧⍤⃝🐯✨+\"&&\"",
"播放二次截取": "playlist\":&&,[替换:$$$>>接表组组表题#\">>接表组表题#$>>题接#\\#>>接表表题]",
"播放数组": "组&&组",
"播放列表": "表&&表",
"播放标题": "题&&题",
"播放链接": "接&&接",

"直接播放": "0",
"嗅探词": ".mp4#.m3u8",

"搜索请求头": "User-Agent$MOBILE_UA",
"搜索url": "/api.php/provide/search_result?video_name={wd}",
"搜索模式": "1",
"搜索二次截取": "search_result\":\\[&&\\]",
"搜索数组": "{&&}",
"搜索标题": "video_name\":\"&&\"",
"搜索图片": "img\":\"&&\"",
"搜索副标题": "\"\":\"&&\"",
"搜索链接": "/api.php/provide/vod_detail?ac=vod_detail&id=+id\":&&,",

"筛选": "1",
"年份": "2021-2024",
"年份值": "*",
"排序": "为你推荐&最新&评分&最热",
"排序值": "空&new&score&hits"
}