{
    "作者": "乐哥/241013/",
    "站名": "纽约影院",
    "请求头": "User-Agent$MOBILE_UA",
    "编码": "UTF-8",
    "图片代理": "0",
    "直接播放": "0",
    "播放请求头": "",
    "主页url": "https://www.nycvod.com/vodshow/50-----------.html",
    "首页": "120",
    "起始页": "1",
    "分类url": "https://www.nycvod.com/vodshow/50-{area}--{cateId}-{lang}-{letter}---{catePg}---{year}.html;;mrc",
    "分类": "逆袭&重生&甜宠&穿越&虐恋&古装&复仇&强者&悬疑&神豪&萌宝&合集",
    "分类值": "*",
    "二次截取": "",
    "数组": "list-exp&&</div>",
    "标题": "title=\"&&\"",
    "图片": "data-src=\"&&\"",
    "副标题": "✨+ol1\">&&<",
    "链接": "href=\"&&\"",
    "简介": "✨当当为您介绍剧情✨+text cor3\">&&</div>",
    "线路二次截取": "animated\">&&</div>",
    "线路数组": "<a&&</a>",
    "线路标题": "✨୧⍤⃝🐯✨+nbsp;&&<",
    "播放二次截取": "",
    "播放数组": "play size\">&&</ul>",
    "倒序": "0",
    "播放列表": "<a&&/a>",
    "播放标题": "✨+>&&<",
    "播放链接": "href=\"&&\"",
    "跳转播放链接": "urlDecode(Base64(var player_*url\":\"&&\"))",
    "解析": "",
    "跳转解析": "",
    "搜索请求头": "User-Agent$MOBILE_UA",
    "搜索url": "/index.php/ajax/suggest?mid=1&wd={wd}&page={pg}",
    "搜索后缀": "",
    "搜索二次截取": "list\":\\[&&\\]",
    "搜索数组": "{&&}",
    "搜索标题": "name\":\"&&\"",
    "搜索图片": "pic\":\"&&\"",
    "搜索副标题": "en\":\"&&\"",
    "搜索链接": "/detail/+id\":&&,+-1-1.html",
    "筛选": "1",
    "年份": "2010-2024",
    "年份值": "*",
    "字母": "A&B&C&D&E&F&G&H&I&J&K&L&M&N&O&P&Q&R&S&T&U&V&W&X&Y&Z&0-9",
    "字母值": "*",
    "排序": "时间&人气&评分",
    "排序值": "time&hits&score"
}