{
                "请求头": "User-Agent$MOBILE_UA",
                "编码": "UTF-8",
                "图片代理": "0",
                "主页url": "https://laowang.co/v/5.html",
                "首页": "120",
                "起始页": "1",
                "分类url": "https://www.laowang.co/vs/5-{area}--{cateId}-{lang}-{letter}---{catePg}---{year}.html;;mrcd0",
                "分类": "古装&虐恋&逆袭&悬疑&神豪&重生&反转&复仇&穿越&总裁&甜宠&强者&言情&爽文&女恋&闪婚&离婚&都市&脑洞&仙侠&民国&合集",
                "分类值": "*",
                "二次截取": "",
                "数组": "module-item-pic\">&&/span></div>",
                "标题": "title=\"&&\"",
                "图片": "data-src=\"&&\"",
                "副标题": "✨+item-caption\">&&</span>",
                "链接": "href=\"&&\"",
                "影片年代": "年份：tag-link&&</a>",
                "影片地区": "地区：",
                "影片类型": "类型：",
                "状态": "集数：&&</div>",
                "导演": "导演：&&</div>",
                "主演": "主演：&&</div>",
                "简介": "✨+vod_content\">&&</a>",
                "线路二次截取": "",
                "线路数组": "module-tab-item tab-item&&</div>",
                "线路标题": "✨୧⍤⃝🐯✨+>&&</span>",
                "播放二次截取": "",
                "播放数组": "div class=\"module-blocklist&&</div>",
                "播放列表": "<a&&/a>",
                "播放标题": "✨+<span>&&</span>",
                "播放链接": "href=\"&&\"",
                "搜索url": "https://www.laowang.co/s{wd}/page/{pg}.html",
                "搜索模式": "1",
                 "搜索数组": "module-item-pic\">&&/span></div>",
                "搜索标题": "title=\"&&\"",
                "搜索图片": "data-src=\"&&\"",
                "搜索副标题": "✨+item-caption\">&&</span>",
                "搜索链接": "href=\"&&\""
            }