{
    "作者": "乐哥/240912/",
    "站名": "胖虎影院",
    "请求头": "User-Agent$MOBILE_UA",
    "编码": "UTF-8",
    "图片代理": "0",
    "直接播放": "0",
    "播放请求头": "",
    "嗅探词": ".m3u8#mp4#https://play.mtle.cn/",
    "过滤词": "kjjsaas-sh.oss-cn",
    "主页url": "https://panghuys.com/vodshow/7.html",
    "首页": "120",
    "起始页": "1",
    "分类url": "http://www.panghuys.com/vodshow/7/area/{area}/by/{by}/class/{cateId}/lang/{lang}/letter/{letter}/page/{catePg}/year/{year}.html;;mrc",
    "分类": "甜宠&逆袭&虐恋&穿越&重生&都市&现代&言情&古装&古代言情&战神&神医&神豪&超能&萌宝&复仇&脑洞&赘婿&玄幻&热血&其他",
    "分类值":"*",
    "二次截取": "",
    "数组": "<a&&</div></div></a>",
    "标题": "title=\"&&\"",
    "图片": "data-original=\"&&\"",
    "副标题": "✨+item-note\">&&</div>",
    "链接": "href=\"&&\"",
    "影片年代": "上映：&&</div>",
    "影片地区": "地区：&&</div>",
    "影片类型": "类型：&&</div>",
    "状态": "集数：&&</div>",
    "导演": "✨+导演：&&</div>",
    "主演": "✨+主演：&&</div>",
    "简介": "✨当当为您介绍剧情✨+<p>&&</p>",
    "线路二次截取": "",
    "线路数组": "module-tab-item tab&&</div>",
    "线路标题": "✨୧⍤⃝🐯✨+<span>&&<",
    "播放二次截取": "",
    "播放数组": "module-play-list\">&&</div>",
    "倒序": "0",
    "播放列表": "<a&&/a>",
    "播放标题": "✨+<span>&&<",
    "播放链接": "href=\"&&\"",
    "解析": "",
    "跳转播放链接": "urlDecode(Base64(var player_*url\":\"&&\"))",
    "跳转解析": "",
    "搜索请求头": "User-Agent$MOBILE_UA",
    "搜索url": "http://www.panghuys.com/phsch/page/{pg}/wd/{wd}.html",
    "搜索后缀": "",
    "搜索二次截取": "module-card-items\">&& <div id=\"page\">",
    "搜索数组": "<a&&</a>",
    "搜索标题": "alt=\"&&\"",
    "搜索图片": "data-original=\"&&\"",
    "搜索副标题": "✨+item-note\">&&</div>",
    "搜索链接": "href=\"&&\"",
    "筛选": "1",
    "类型": "",
    "字母": "A&B&C&D&E&F&G&H&I&J&K&L&M&N&O&P&Q&R&S&T&U&V&W&X&Y&Z&0-9",
    "字母值": "*",
    "排序": "时间&人气&评分",
    "排序值": "time&hits&score"
}