{
    "请求头": "User-Agent$MOBILE_UA",
    "编码": "UTF-8",
    "主页url": "https://jhyltoys.com/vodtype/duanju.html",
    "数组": "默认--lazyload\"&&</a>||搜索--lazyload\"&&</a>",
    "标题": "title=\"&&\"",
    "图片": "data-original=\"&&\"",
    "副标题": "right\">&&<",
    "链接": "href=\"&&\"",
    "状态": "更新：&&</p>",
    "导演": "导演：&&</p>",
    "主演": "主演：&&</p",
   "简介": "✨当当为您介绍剧情✨+简介：&&</p >",
    "线路数组": "#playlist&&</a>",
   "线路标题": "✨୧⍤⃝🐯✨+>&&<",
    "播放数组": "sort-list clearfix\"&&</ul>",
    "倒序": "0",
    "播放列表": "<a&&/a>",
    "播放标题": "✨+>&&<",
    "播放链接": "href=\"&&\"",
    "跳转播放链接": "var player_*\"url\":\"&&\"",
    "搜索模式": "1",
    "搜索url": "/vodsearch/{wd}----------{pg}---.html",
    "分类url": "https://jhyltoys.com/vodshow/duanju-{area}-hits-{cateId}-{lang}-{letter}---{catePg}---{year}.html",
    "分类": "都市&脑洞&网剧&萌宝&励志&闪婚&穿越&高手下山&悬疑&古装&时空之旅&逆袭",
    "分类值": "*"
}