{
    "作者": "乐哥/241010/",
    "站名": "量子影视",
    "请求头": "User-Agent$MOBILE_UA",
    "编码": "UTF-8",
    "图片代理": "0",
    "直接播放": "0",
    "播放请求头": "",
    "主页url": "https://lzi888.com/index.php/vod/type/id/40.html",
    "首页": "120",
    "起始页": "1",
    "分类url": "https://lzi888.com/index.php/vod/show/area/{area}/by/{cateId}/class/{class}/id/40/lang/{lang}/letter/{letter}/page/{catePg}/year/{year}.html;;mrc",
    "分类": "人气$hits#时间$time#评分$score",
    "二次截取": "",
    "数组": "/detail/id/&&</a>",
    "标题": "title=\"&&\"",
    "图片": "data-original=\"&&\"",
    "副标题": "✨+item-note\">&&<",
    "链接": "/index.php/vod/detail/id/+&&\"",
    "简介": "✨当当为您介绍剧情✨+<p>&&<",
    "线路数组": "data-dropdown&&</div>",
    "线路标题": "୧⍤⃝🐯+<span>&&</+【共+<small>&&<+集】",
    "播放二次截取": "",
    "播放数组": "list-content&&</div>",
    "倒序": "0",
    "播放列表": "<a&&/a>",
    "播放标题": "✨+<span>&&<",
    "播放链接": "href=\"&&\"",
    "解析": "",
    "跳转播放链接": "var player_*\"url\":\"&&\"",
    "跳转解析": "",
    "搜索请求头": "User-Agent$MOBILE_UA",
    "搜索url": "https://lzi888.com/index.php/vod/search/page/{pg}/wd/{wd}.html",
    "搜索后缀": "",
    "搜索二次截取": "",
    "搜索数组": "/detail/id/&&</a>",
    "搜索标题": "alt=\"&&\"",
    "搜索图片": "data-original=\"&&\"",
    "搜索副标题": "✨+item-note\">&&<",
    "搜索链接": "/index.php/vod/detail/id/+&&\"",
    "筛选": "1",
    "年份": "2010-2024",
    "年份值": "*",
    "字母": "A&B&C&D&E&F&G&H&I&J&K&L&M&N&O&P&Q&R&S&T&U&V&W&X&Y&Z&0-9",
    "字母值": "*",
    "排序": "时间&人气&评分",
    "排序值": "time&hits&score"
}