{ "cookie": "",
	"classes":[		
{"type_name":"沙雕搞笑","type_id":"傻雕搞笑"},
{"type_name":"快手音乐","type_id":"快手音乐"},
{"type_name":"抖音音乐","type_id":"抖音音乐"},
{"type_name":"电影","type_id":"电影"},
{"type_name":"电影修复","type_id":"电影修复"},
{"type_name":"周星驰电影","type_id":"周星驰电影"},
{"type_name":"成龙电影","type_id":"成龙电影"},
{"type_name":"李连杰电影","type_id":"李连杰电影"},
{"type_name":"车模视频","type_id":"车模视频"},
{"type_name":"4K美女视频","type_id":"4K美女视频"},
{"type_name":"夜店视频","type_id":"夜店视频"},
{"type_name":"影视MV","type_id":"影视MV"},
{"type_name":"手游","type_id":"手游"},
{"type_name":"pc游戏","type_id":"pc游戏"},
{"type_name":"高清现场","type_id":"高清现场"},
{"type_name":"人民日报","type_id":"人民日报"},
{"type_name":"Hi-R","type_id":"Hi-Res"},
{"type_name":"广告","type_id":"广告"},
{"type_name":"典籍里的中国","type_id":"典籍里的中国"},
{"type_name":"电影解说","type_id":"电影解说"},
{"type_name":"中文DJ","type_id":"中文DJ"},
{"type_name":"戏曲","type_id":"戏曲"},
{"type_name":"汽车事故","type_id":"汽车事故"},
{"type_name":"小学教育","type_id":"小学教育"},
{"type_name":"动漫番剧","type_id":"动漫番剧"},
{"type_name":"相声","type_id":"相声"},
{"type_name":"4K风景","type_id":"4K风景"},
{"type_name":"血洗B站","type_id":"血洗B站"},
{"type_name":"LaySha","type_id":"LaySha"},
{"type_name":"4K韓團","type_id":"4K 超性感 合集 更新中"},
{"type_name":"美女","type_id":"美女 4k"},

{"type_name":"韩国女团","type_id":"韩国女团 4K"},
{"type_name":"日本女团","type_id":"日本女团 4K"},
{"type_name":"中国女团","type_id":"中国女团 4K"},

{"type_name":"热舞","type_id":"热舞 4K"},
{"type_name":"音乐","type_id":"音乐 4k"},
{"type_name":"网红翻唱","type_id":"网红翻唱"},



{"type_name":"清纯女生","type_id":"清纯女生"},
{"type_name":"4Kmtv","type_id":"4Kmtv"},	
	{"type_name":"4K影院","type_id":"4K影院"},
	{"type_name":"4K演唱会","type_id":"4K演唱会"},
	{"type_name":"4K风景","type_id":"4K风景"}
		]
}